/*
Navicat MySQL Data Transfer

Source Server         : localhost_3306
Source Server Version : 50617
Source Host           : localhost:3306
Source Database       : ad

Target Server Type    : MYSQL
Target Server Version : 50617
File Encoding         : 65001

Date: 2018-11-21 20:25:08
*/

SET FOREIGN_KEY_CHECKS=0;

-- ----------------------------
-- Table structure for my_admin_user
-- ----------------------------
DROP TABLE IF EXISTS `my_admin_user`;
CREATE TABLE `my_admin_user` (
  `admin_id` bigint(20) unsigned NOT NULL AUTO_INCREMENT,
  `username` varchar(50) DEFAULT '',
  `password` varchar(50) DEFAULT '',
  `action_list` text,
  `intime` int(10) DEFAULT NULL,
  `uptime` int(10) DEFAULT NULL,
  PRIMARY KEY (`admin_id`)
) ENGINE=MyISAM AUTO_INCREMENT=6 DEFAULT CHARSET=utf8;

-- ----------------------------
-- Records of my_admin_user
-- ----------------------------
INSERT INTO `my_admin_user` VALUES ('1', 'admin', '21232f297a57a5a743894a0e4a801fc3', 'top', null, '1540823723');
INSERT INTO `my_admin_user` VALUES ('4', 'user', '0cc175b9c0f1b6a831c399e269772661', null, null, null);

-- ----------------------------
-- Table structure for my_arcflux
-- ----------------------------
DROP TABLE IF EXISTS `my_arcflux`;
CREATE TABLE `my_arcflux` (
  `id` bigint(20) unsigned NOT NULL AUTO_INCREMENT,
  `type_id` smallint(3) DEFAULT NULL COMMENT '类型：1产品、2新闻',
  `pv` int(10) DEFAULT NULL COMMENT '浏览次数',
  `ip` int(10) DEFAULT NULL COMMENT 'IP次数',
  `uv` int(10) DEFAULT NULL COMMENT '独立访客',
  `day` varchar(50) DEFAULT '',
  `intime` int(10) NOT NULL DEFAULT '0',
  PRIMARY KEY (`id`)
) ENGINE=MyISAM AUTO_INCREMENT=31 DEFAULT CHARSET=utf8;

-- ----------------------------
-- Records of my_arcflux
-- ----------------------------
INSERT INTO `my_arcflux` VALUES ('1', '2', '52', '5', '5', '2018-11-05', '1541393804');
INSERT INTO `my_arcflux` VALUES ('2', '1', '24', '2', '2', '2018-11-05', '1541408443');
INSERT INTO `my_arcflux` VALUES ('3', '2', '55', '8', '8', '2018-11-06', '1541439592');
INSERT INTO `my_arcflux` VALUES ('4', '1', '45', '5', '5', '2018-11-06', '1541440722');
INSERT INTO `my_arcflux` VALUES ('5', '2', '39', '13', '13', '2018-11-07', '1541520143');
INSERT INTO `my_arcflux` VALUES ('6', '1', '104', '12', '12', '2018-11-07', '1541520786');
INSERT INTO `my_arcflux` VALUES ('7', '2', '53', '14', '14', '2018-11-08', '1541606453');
INSERT INTO `my_arcflux` VALUES ('8', '1', '4', '2', '2', '2018-11-08', '1541635470');
INSERT INTO `my_arcflux` VALUES ('9', '2', '19', '9', '9', '2018-11-09', '1541721289');
INSERT INTO `my_arcflux` VALUES ('10', '1', '3', '3', '3', '2018-11-09', '1541758203');
INSERT INTO `my_arcflux` VALUES ('11', '1', '31', '5', '5', '2018-11-10', '1541787155');
INSERT INTO `my_arcflux` VALUES ('12', '2', '28', '14', '14', '2018-11-10', '1541787343');
INSERT INTO `my_arcflux` VALUES ('13', '2', '2', '2', '2', '2018-11-11', '1541890135');
INSERT INTO `my_arcflux` VALUES ('14', '1', '1', '1', '1', '2018-11-11', '1541926105');
INSERT INTO `my_arcflux` VALUES ('15', '2', '16', '5', '5', '2018-11-12', '1541958536');
INSERT INTO `my_arcflux` VALUES ('16', '1', '11', '2', '2', '2018-11-12', '1541984424');
INSERT INTO `my_arcflux` VALUES ('17', '2', '7', '3', '3', '2018-11-13', '1542069300');
INSERT INTO `my_arcflux` VALUES ('18', '1', '5', '2', '2', '2018-11-13', '1542069393');
INSERT INTO `my_arcflux` VALUES ('19', '1', '15', '3', '3', '2018-11-14', '1542157616');
INSERT INTO `my_arcflux` VALUES ('20', '2', '13', '3', '3', '2018-11-14', '1542158964');
INSERT INTO `my_arcflux` VALUES ('21', '1', '5', '5', '5', '2018-11-15', '1542244619');
INSERT INTO `my_arcflux` VALUES ('22', '2', '4', '2', '2', '2018-11-15', '1542259909');
INSERT INTO `my_arcflux` VALUES ('23', '2', '12', '3', '3', '2018-11-16', '1542312408');
INSERT INTO `my_arcflux` VALUES ('24', '1', '18', '5', '5', '2018-11-16', '1542333484');
INSERT INTO `my_arcflux` VALUES ('25', '1', '1', '1', '1', '2018-11-17', '1542398899');
INSERT INTO `my_arcflux` VALUES ('26', '2', '1', '1', '1', '2018-11-17', '1542400899');
INSERT INTO `my_arcflux` VALUES ('27', '2', '40', '2', '2', '2018-11-19', '1542588873');
INSERT INTO `my_arcflux` VALUES ('28', '1', '73', '10', '10', '2018-11-19', '1542589618');
INSERT INTO `my_arcflux` VALUES ('29', '2', '7', '3', '3', '2018-11-20', '1542643384');
INSERT INTO `my_arcflux` VALUES ('30', '1', '41', '6', '6', '2018-11-20', '1542675573');

-- ----------------------------
-- Table structure for my_arclist
-- ----------------------------
DROP TABLE IF EXISTS `my_arclist`;
CREATE TABLE `my_arclist` (
  `arcid` bigint(20) unsigned NOT NULL AUTO_INCREMENT,
  `catid` int(10) NOT NULL DEFAULT '0',
  `brand_id` int(10) NOT NULL DEFAULT '0',
  `title` varchar(200) DEFAULT '',
  `short_title` varchar(200) DEFAULT '',
  `keywords` varchar(200) DEFAULT '',
  `description` varchar(500) DEFAULT '',
  `jump_link` varchar(500) DEFAULT '',
  `price` decimal(10,2) NOT NULL DEFAULT '0.00',
  `price1` decimal(10,2) NOT NULL DEFAULT '0.00',
  `price2` decimal(10,2) NOT NULL DEFAULT '0.00',
  `market_price` decimal(10,2) NOT NULL DEFAULT '0.00',
  `tag` varchar(200) DEFAULT '',
  `others` varchar(200) DEFAULT '',
  `image1` varchar(200) DEFAULT '',
  `image2` varchar(200) DEFAULT '',
  `image3` varchar(200) DEFAULT '',
  `image4` varchar(200) DEFAULT '',
  `image5` varchar(200) DEFAULT '',
  `context` text,
  `status` smallint(3) NOT NULL DEFAULT '0',
  `flag_a` smallint(3) NOT NULL DEFAULT '0',
  `flag_b` smallint(3) NOT NULL DEFAULT '0',
  `flag_c` smallint(3) NOT NULL DEFAULT '0',
  `flag_d` smallint(3) NOT NULL DEFAULT '0',
  `flag_e` smallint(3) NOT NULL DEFAULT '0',
  `user_id` int(10) NOT NULL DEFAULT '0',
  `add_time` int(10) NOT NULL DEFAULT '0',
  `update_time` int(10) NOT NULL DEFAULT '0',
  `attachment` varchar(200) DEFAULT NULL COMMENT '附件',
  `params` text,
  `author` varchar(50) DEFAULT NULL,
  `sort` int(10) DEFAULT NULL COMMENT '排序',
  PRIMARY KEY (`arcid`)
) ENGINE=MyISAM AUTO_INCREMENT=38 DEFAULT CHARSET=utf8;

-- ----------------------------
-- Records of my_arclist
-- ----------------------------
INSERT INTO `my_arclist` VALUES ('10', '8', '0', 'China’s Acesulfame-k price keeps growing in 2018', '', '', 'According to CCM\'s price monitoring, acesulfame-K prices increased in April in China by 21.22% YoY and 9.91% compared with January 2018.', '', '0.00', '0.00', '0.00', '0.00', '', '', '/uploads/154140875225311.jpg', '', '', '', '', '<p><span style=\"color:#333333;font-family:\'Times New Roman, serif\';\"><span style=\"font-size:16px;\">According to CCM\'s price monitoring, acesulfame-K prices increased in April in China by 21.22% YoY and 9.91% compared with January 2018.</span></span></p>\r\n<p><span style=\"color:#333333;font-family:\'Times New Roman, serif\';\"><span style=\"font-size:16px;\"><img src=\"/uploads/20181104/20181104004039_37843.png\" alt=\"\" width=\"100%\" /><br />\r\n</span></span></p>', '1', '0', '0', '0', '0', '0', '1', '1541172274', '1542185069', '', '', 'Yabangtech', '1');
INSERT INTO `my_arclist` VALUES ('11', '8', '0', 'Applications and uses of Acesulfame-k', '', '', '1).In beverage\r\nAcesulfame-k can be used as sweetener in beverage such as in ...', '', '0.00', '0.00', '0.00', '0.00', '', '', '/uploads/154126318195731.jpg', '', '', '', '', '<div>1).In beverage</div>\r\n<div>Acesulfame-k can be used as sweetener in beverage such as in carbonated beverages,soft drinks,non-carbonated beverages,fruit juices.</div>\r\n<div>2).In food</div>\r\n<div>Acesulfame-k can be used as a sweetener in canned cereals, black sesame paste, canned cereals, and baked goods.</div>\r\n<div>3).In pharmaceutical</div>\r\n<div>Acesulfame-k can be used as sweetener excipient in pharmaceutical.Such as in the syrup preparation, sugarcoated tablets, bitter medicine masking agent and so on.</div>\r\n<div>4).In health and personal care</div>\r\n<div>Acesulfame-k can be used as flavoring agent; masking in cosmetic. It also can be used&nbsp; toothpaste, lipstick, gargle.&nbsp;</div>\r\n<div>5).In agriculture/animal feed/poultry feed</div>\r\n<div>Acesulfame-k can be used as sweetener in animal feed/poultry feed.</div>\r\n<div>6).In other industries</div>\r\n<div><img src=\"/uploads/20181104/20181104003912_42093.jpg\" alt=\"\" width=\"100%\" /><br />\r\n</div>', '1', '1', '0', '0', '0', '0', '1', '1541172302', '1542185085', '', '', 'Yabangtech', '2');
INSERT INTO `my_arclist` VALUES ('12', '8', '0', 'Why we use Acesulfame-k?', '', '', 'Acesulfame-K is a calorie-free sweetener that is 200 times sweeter than sugar.', '', '0.00', '0.00', '0.00', '0.00', '', '', '/uploads/154261017391611.JPG', '', '', '', '', '<div>Acesulfame-K is a calorie-free sweetener that is 200 times sweeter than sugar.</div>\r\n<div>It is one of the five artificial sweeteners approved by the US Food and Drug Administration (FDA).As a kind of safe food additive,it has the properties such as being pure and strong in sweet taste,having good mouthfeel,being calorie-free,being not metabolized or absorbed in human body,being stable under heat and acid,etc.</div>\r\n<div style=\"text-align:center;\"><img src=\"/uploads/20181119/20181119115812_22912.jpg\" alt=\"\" /><br />\r\n</div>', '1', '1', '0', '0', '0', '0', '1', '1541172335', '1542610173', '', '', 'Yabangtech', '3');
INSERT INTO `my_arclist` VALUES ('13', '14', '0', 'DIKETENE', '', '', 'Being colorless, flammable liquid with pungent odor. Its relative density is 1.0897 ( 20/20℃). It is -6.5℃ for the melting point, 127.4℃ for its boiling point. Its index of refraction nD ( 20℃) is 1.4379. Its specific heat capacity is 0.1990kj/( kg.℃), and its flash point is 33.9℃. It is soluble in water and common organic solvents, and chemical character is very active.', '', '0.00', '0.00', '0.00', '0.00', '', '', '/uploads/154145784929991.jpg', '', '', '', '', '<p class=\"MsoNormal\"><b><span style=\"font-size:12pt;font-family:Arial;\" lang=\"EN-US\">Properties</span><span style=\"font-size:12pt;font-family:Arial;\">：</span></b></p>\r\n<span style=\"font-family:Arial;\"> </span><p class=\"MsoNormal\"><span style=\"font-family:\'微软雅黑, sans-serif\';\"><span style=\"font-size:16px;font-family:Arial;\">Being colorless, flammable liquid with pungent odor. Its relative density is 1.0897 ( 20/20℃). It is -6.5℃ for the melting point, 127.4℃ for its boiling point. Its index of refraction nD ( 20℃) is 1.4379. Its specific heat capacity is 0.1990kj/( kg.℃), and its flash point is 33.9℃. It is soluble in water and common organic solvents, and chemical character is very active.</span></span></p>\r\n<hr />\r\n<p></p>\r\n<p class=\"MsoNormal\"></p>\r\n<p class=\"MsoNormal\"><span style=\"font-size:12.0pt;font-family:\" 微软雅黑\",sans-serif;mso-bidi-font-family:微软雅黑;\"=\"\" lang=\"EN-US\"><b>Use</b></span><span style=\"font-size:12.0pt;font-family:\" 微软雅黑\",sans-serif;mso-bidi-font-family:微软雅黑;\"=\"\"><b>：</b><span lang=\"EN-US\"><o:p></o:p></span></span></p>\r\n<p class=\"MsoNormal\"><span style=\"font-size:12.0pt;font-family:\" 微软雅黑\",sans-serif;mso-bidi-font-family:微软雅黑;\"=\"\" lang=\"EN-US\">It can be used as organic materials and also for raw\r\nmaterials,such as plasticizer, fuel, synthetic fiber and pesticide.</span></p>\r\n<hr />\r\n<p></p>\r\n<p class=\"MsoNormal\"></p>\r\n<p class=\"MsoNormal\"><b><span style=\"font-size:12.0pt;font-family:\" 微软雅黑\",sans-serif;mso-bidi-font-family:微软雅黑;\"=\"\" lang=\"EN-US\">Storage</span><span style=\"font-size:12.0pt;font-family:\" 微软雅黑\",sans-serif;mso-bidi-font-family:微软雅黑;\"=\"\">：</span></b><span style=\"font-size:12pt;\">Non-impact.</span></p>\r\n<p class=\"MsoNormal\"><span style=\"font-size:12.0pt;font-family:\" 微软雅黑\",sans-serif;mso-bidi-font-family:微软雅黑;\"=\"\" lang=\"EN-US\">This product is flammable, and shall be stored in\r\ncontainers made of aluminum or glass lining under low temperature</span><span style=\"font-size:12.0pt;font-family:\" 微软雅黑\",sans-serif;mso-bidi-font-family:=\"\" 微软雅黑\"=\"\">（<span lang=\"EN-US\">0-5 </span>℃）<span lang=\"EN-US\">. It shall not contract\r\nwith fire, inorganic acid or water during transportation, and impact is\r\nprohibited to prevent explosion. It shall be stored and transported according\r\nto provisions on flammable chemicals.</span></span></p>\r\n<p></p>', '1', '0', '0', '0', '0', '0', '1', '1541172764', '1542599749', '', '<p></p>\r\n<p class=\"MsoNormal\"><span style=\"font-size:12.0pt;font-family:\" 微软雅黑\",sans-serif;mso-bidi-font-family:微软雅黑;\"=\"\" lang=\"EN-US\">Product category</span><span style=\"font-size:12.0pt;font-family:\" 微软雅黑\",sans-serif;mso-bidi-font-family:微软雅黑;\"=\"\">：<span lang=\"EN-US\">Basic\r\nraw material for organic chemical industry<o:p></o:p></span></span></p>\r\n<p class=\"MsoNormal\"><span style=\"font-size:12.0pt;font-family:\" 微软雅黑\",sans-serif;mso-bidi-font-family:微软雅黑;\"=\"\" lang=\"EN-US\">Product name</span><span style=\"font-size:12.0pt;font-family:\" 微软雅黑\",sans-serif;mso-bidi-font-family:微软雅黑;\"=\"\">：<span lang=\"EN-US\">Diketene<o:p></o:p></span></span></p>\r\n<p class=\"MsoNormal\"><span style=\"font-size:12.0pt;font-family:\" 微软雅黑\",sans-serif;mso-bidi-font-family:微软雅黑;\"=\"\" lang=\"EN-US\">CAS NO</span><span style=\"font-size:12.0pt;font-family:\" 微软雅黑\",sans-serif;mso-bidi-font-family:微软雅黑;\"=\"\">：<span lang=\"EN-US\">674-82-8<o:p></o:p></span></span></p>\r\n<p class=\"MsoNormal\"><span style=\"font-size:12.0pt;font-family:\" 微软雅黑\",sans-serif;mso-bidi-font-family:微软雅黑;\"=\"\" lang=\"EN-US\">EINECS NO</span><span style=\"font-size:12.0pt;font-family:\" 微软雅黑\",sans-serif;mso-bidi-font-family:微软雅黑;\"=\"\">：<span lang=\"EN-US\">211-617-1<o:p></o:p></span></span></p>\r\n<p class=\"MsoNormal\"><span style=\"font-size:12.0pt;font-family:\" 微软雅黑\",sans-serif;mso-bidi-font-family:微软雅黑;\"=\"\" lang=\"EN-US\">Molecular formula</span><span style=\"font-size:12.0pt;font-family:\" 微软雅黑\",sans-serif;mso-bidi-font-family:微软雅黑;\"=\"\">：<span lang=\"EN-US\">C<sub>4</sub>H<sub>4</sub>O<sub>2</sub><o:p></o:p></span></span></p>\r\n<p class=\"MsoNormal\"><span style=\"font-size:12.0pt;font-family:\" 微软雅黑\",sans-serif;mso-bidi-font-family:微软雅黑;\"=\"\" lang=\"EN-US\">Molecular weight</span><span style=\"font-size:12.0pt;font-family:\" 微软雅黑\",sans-serif;mso-bidi-font-family:微软雅黑;\"=\"\">：<span lang=\"EN-US\">84.07</span></span></p>\r\n<p></p>', 'Yabangtech', '2');
INSERT INTO `my_arclist` VALUES ('26', '7', '0', 'Shandong Yabang Chemical Technology Co., Ltd. and Dongying Hestay Biotechnology Co., Ltd. attend the 2018FIC Autumn Exhibition.', '', '', 'On November 8-10, 2018,the 18th Food Ingredients China Autumn Exhibition(referred to as FIC-Autumn Exhibition) hosted by China Food Additives and Ingredients Association is successfully held in Zone B of the Guangzhou Canton Fair. Shandong Yabang Chemical Technology Co., Ltd. and Dongying Hestay Biotechnology Co., Ltd. attend the exhibition at Pazhou pavilion B13.1, booth no.13H11.', '', '0.00', '0.00', '0.00', '0.00', '', '', '/uploads/154207254499201.jpg', '', '', '', '', '<div>On November 8-10, 2018,the 18th Food Ingredients China Autumn Exhibition(referred to as FIC-Autumn Exhibition) hosted by China Food Additives and Ingredients Association is successfully held in Zone B of the Guangzhou Canton Fair. Shandong Yabang Chemical Technology Co., Ltd. and Dongying Hestay Biotechnology Co., Ltd. attend the exhibition at Pazhou pavilion B13.1, booth no.13H11.</div>\r\n<div><br />\r\n</div>\r\n<div>At this exhibition, our company shows the factory construction of high specification and high standard, high quality products and whole new packaging. The exhibition is a professional platform for the food additives and ingredients industry, our company will make full use of this exhibition’s resources and show them to friends in this industry in a new way. By understanding the current market situation and learning industry technology, it will provide direction for the company\'s future development.</div>\r\n<div style=\"text-align:center;\"><img src=\"/uploads/20181108/20181108142446_63413.jpg\" alt=\"\" width=\"100%\" /><br />\r\n</div>\r\n<div><br />\r\n</div>\r\n<div style=\"text-align:center;\"><img src=\"/uploads/20181108/20181108142526_31233.jpg\" alt=\"\" width=\"100%\" /><br />\r\n</div>\r\n<div><br />\r\n</div>\r\n<div style=\"text-align:center;\"><img src=\"/uploads/20181108/20181108142537_63736.jpg\" alt=\"\" width=\"100%\" /><br />\r\n</div>\r\n<div><br />\r\n</div>\r\n<div style=\"text-align:center;\"><img src=\"/uploads/20181108/20181108142547_46975.jpg\" alt=\"\" width=\"100%\" /><br />\r\n</div>\r\n<div style=\"text-align:center;\"><br />\r\n</div>\r\n<div style=\"text-align:center;\"><img src=\"/uploads/20181109/20181109090931_15786.jpg\" alt=\"\" width=\"100%\" /><br />\r\n</div>\r\n<div style=\"text-align:center;\"><br />\r\n</div>\r\n<div style=\"text-align:center;\"><img src=\"/uploads/20181109/20181109090942_96234.jpg\" alt=\"\" width=\"100%\" /><br />\r\n</div>\r\n<div><br />\r\n</div>', '1', '0', '0', '0', '0', '0', '1', '1541597526', '1542072544', '', '<div><br />\r\n</div>', 'Yabangtech', '7');
INSERT INTO `my_arclist` VALUES ('14', '13', '0', 'METHYL ACETOACETATE ', '', '', 'Being colorless transparent liquid with aroma, miscible with ethanol, ethyl ether, dissolved in 2 parts of water. It will become scarlet if being mixed with ferric oxide. It is 1.0762 ( 20/4 ℃) for its relative density, -80℃for its melting point, 169-171 for its boiling point (micro-decomposition), and is slightly decomposed under the boiling temperature. Its index of refraction (nD20) is 1.418. Its flash point is 70℃.', '', '0.00', '0.00', '0.00', '0.00', '', '', '/uploads/154145790196151.jpg', '', '', '', '', '<p class=\"MsoNormal\"><span style=\"font-size:12.0pt;font-family:\" 微软雅黑\",sans-serif;mso-bidi-font-family:微软雅黑;\"=\"\" lang=\"EN-US\"><b>Properties</b></span><span style=\"font-size:12.0pt;font-family:\" 微软雅黑\",sans-serif;mso-bidi-font-family:微软雅黑;\"=\"\"><b>：</b><span lang=\"EN-US\"><o:p></o:p></span></span></p>\r\n<p class=\"MsoNormal\"></p>\r\n<p class=\"MsoNormal\"><span style=\"font-size:12.0pt;font-family:\" 微软雅黑\",sans-serif;mso-bidi-font-family:微软雅黑;\"=\"\" lang=\"EN-US\">Being colorless transparent liquid with aroma,\r\nmiscible with ethanol, ethyl ether, dissolved in 2 parts of water. It will\r\nbecome scarlet if being mixed with ferric oxide. It is 1.0762 ( 20/4 </span><span style=\"font-size:12.0pt;font-family:\" 微软雅黑\",sans-serif;mso-bidi-font-family:=\"\" 微软雅黑\"=\"\">℃<span lang=\"EN-US\">) for its relative density, -80</span>℃<span lang=\"EN-US\">for its melting point, 169-171 for its boiling point\r\n(micro-decomposition), and is slightly decomposed under the boiling\r\ntemperature. Its index of refraction (nD20) is 1.418. Its flash point is 70</span>℃<span lang=\"EN-US\">.</span></span></p>\r\n<hr />\r\n<p></p>\r\n<p class=\"MsoNormal\"><span style=\"font-size:12.0pt;font-family:\" 微软雅黑\",sans-serif;mso-bidi-font-family:微软雅黑;\"=\"\" lang=\"EN-US\"><b>Use</b></span><span style=\"font-size:12.0pt;font-family:\" 微软雅黑\",sans-serif;mso-bidi-font-family:微软雅黑;\"=\"\"><b>：</b><span lang=\"EN-US\"><o:p></o:p></span></span></p>\r\n<p class=\"MsoNormal\"><span style=\"font-size:12.0pt;font-family:\" 微软雅黑\",sans-serif;mso-bidi-font-family:微软雅黑;\"=\"\" lang=\"EN-US\">In addition to be used as a component of cellulose\r\nether-esters mixed solvent, this product is also used in organic synthesis of\r\npesticides, medicines,dye, pigments, molecular stabilizers, etc.</span></p>\r\n<hr />\r\n<p></p>\r\n<p class=\"MsoNormal\"></p>\r\n<p class=\"MsoNormal\"><b><span style=\"font-size:12.0pt;font-family:\" 微软雅黑\",sans-serif;mso-bidi-font-family:微软雅黑;\"=\"\" lang=\"EN-US\">Packaging</span><span style=\"font-size:12.0pt;font-family:\" 微软雅黑\",sans-serif;mso-bidi-font-family:微软雅黑;\"=\"\">：</span></b></p>\r\n<p class=\"MsoNormal\"><span style=\"font-size:12.0pt;font-family:\" 微软雅黑\",sans-serif;mso-bidi-font-family:微软雅黑;\"=\"\"><span lang=\"EN-US\">220kg/plastic\r\ndrum.It can be also packed according to the customer</span>’<span lang=\"EN-US\">s\r\nrequest.</span></span></p>\r\n<hr />\r\n<p></p>\r\n<p class=\"MsoNormal\"><b><span style=\"font-size:12.0pt;font-family:\" 微软雅黑\",sans-serif;mso-bidi-font-family:微软雅黑;\"=\"\" lang=\"EN-US\">Storage</span><span style=\"font-size:12.0pt;font-family:\" 微软雅黑\",sans-serif;mso-bidi-font-family:微软雅黑;\"=\"\">：</span></b></p>\r\n<p class=\"MsoNormal\"><span style=\"font-size:12.0pt;font-family:\" 微软雅黑\",sans-serif;mso-bidi-font-family:微软雅黑;\"=\"\"><span lang=\"EN-US\">Sealed\r\nstorage.</span></span></p>\r\n<p></p>', '1', '0', '0', '0', '0', '0', '1', '1541172898', '1542599725', '', '<p class=\"MsoNormal\"><span style=\"font-size:12.0pt;font-family:\" 微软雅黑\",sans-serif;mso-bidi-font-family:微软雅黑;\"=\"\" lang=\"EN-US\">Product category</span><span style=\"font-size:12.0pt;font-family:\" 微软雅黑\",sans-serif;mso-bidi-font-family:微软雅黑;\"=\"\">：<span lang=\"EN-US\">Intermediate\r\nof pesticide and pesticide<o:p></o:p></span></span></p>\r\n<p class=\"MsoNormal\"><span style=\"font-size:12.0pt;font-family:\" 微软雅黑\",sans-serif;mso-bidi-font-family:微软雅黑;\"=\"\" lang=\"EN-US\">Product name:<span style=\"mso-spacerun:yes;\">&nbsp;</span>Methyl acetoacetate<o:p></o:p></span></p>\r\n<p class=\"MsoNormal\"><span style=\"font-size:12.0pt;font-family:\" 微软雅黑\",sans-serif;mso-bidi-font-family:微软雅黑;\"=\"\" lang=\"EN-US\">Molecular formula</span><span style=\"font-size:12.0pt;font-family:\" 微软雅黑\",sans-serif;mso-bidi-font-family:微软雅黑;\"=\"\">：<span lang=\"EN-US\">CH<sub>3</sub>COCH<sub>2</sub>COOCH<sub>3</sub><o:p></o:p></span></span></p>\r\n<p class=\"MsoNormal\"><span style=\"font-size:12.0pt;font-family:\" 微软雅黑\",sans-serif;mso-bidi-font-family:微软雅黑;\"=\"\" lang=\"EN-US\">EINECS NO</span><span style=\"font-size:12.0pt;font-family:\" 微软雅黑\",sans-serif;mso-bidi-font-family:微软雅黑;\"=\"\">：<span lang=\"EN-US\">203-299-8<o:p></o:p></span></span></p>\r\n<p class=\"MsoNormal\"><span style=\"font-size:12.0pt;font-family:\" 微软雅黑\",sans-serif;mso-bidi-font-family:微软雅黑;\"=\"\" lang=\"EN-US\">CAS NO</span><span style=\"font-size:12.0pt;font-family:\" 微软雅黑\",sans-serif;mso-bidi-font-family:微软雅黑;\"=\"\">：<span lang=\"EN-US\">105-45-3<o:p></o:p></span></span></p>\r\n<p class=\"MsoNormal\"><span style=\"font-size:12.0pt;font-family:\" 微软雅黑\",sans-serif;mso-bidi-font-family:微软雅黑;\"=\"\" lang=\"EN-US\">Molecular weight</span><span style=\"font-size:12.0pt;font-family:\" 微软雅黑\",sans-serif;mso-bidi-font-family:微软雅黑;\"=\"\">：<span lang=\"EN-US\">116.12<o:p></o:p></span></span></p>', 'Yabangtech', '3');
INSERT INTO `my_arclist` VALUES ('15', '6', '0', 'Acesulfame-K', 'Product category：food additives', '', 'As a kind of safe food additive, Acesulfame-K has the properties such as being pure...', '', '0.00', '0.00', '0.00', '0.00', '', '', '/uploads/154259948780421.png', '', '', '', '', '<p style=\"margin:5px 0px;color:#000000;font-family:sans-serif;font-size:16px;font-style:normal;font-variant-ligatures:normal;font-variant-caps:normal;font-weight:400;letter-spacing:normal;orphans:2;text-align:start;text-indent:0px;text-transform:none;white-space:normal;widows:2;word-spacing:0px;-webkit-text-stroke-width:0px;text-decoration-style:initial;text-decoration-color:initial;\"><span style=\"font-size:16px;font-family:Arial;\">As a kind of safe food additive,&nbsp;</span><span style=\"box-sizing:border-box;margin:0px;padding:0px;border:none;outline:none;font-weight:700;color:#019490;font-family:Roboto, sans-serif;font-size:14px;\">Acesulfame-K</span><span style=\"font-size:16px;font-family:Arial;\">&nbsp;has the properties such as being pure and strong in sweet taste, having good mouthfeel, being calorie-free, being not metabolized or absorbed in human body, being stable under heat and acid, etc. It can produce strong synergistic effect after mixing with other sweeteners,and sweetness is 200-250 times than sugar.It has been widely used in food, beverage, medicine and daily chemical products. It has been approved to be used in more than 90countries.&nbsp;</span></p>\r\n<hr />\r\n<p></p>\r\n<span style=\"font-family:Arial;\"> </span><p style=\"margin:5px 0px;color:#000000;font-family:sans-serif;font-size:16px;font-style:normal;font-variant-ligatures:normal;font-variant-caps:normal;font-weight:400;letter-spacing:normal;orphans:2;text-align:start;text-indent:0px;text-transform:none;white-space:normal;widows:2;word-spacing:0px;-webkit-text-stroke-width:0px;text-decoration-style:initial;text-decoration-color:initial;\"><span style=\"font-size:16px;\"><strong><span style=\"font-family:Arial;\">Packaging of product</span></strong></span><span style=\"font-size:16px;\"><strong><span style=\"font-family:Arial;\">：</span></strong></span></p>\r\n<span style=\"font-family:Arial;\"> </span><p style=\"margin:5px 0px;color:#000000;font-family:sans-serif;font-size:16px;font-style:normal;font-variant-ligatures:normal;font-variant-caps:normal;font-weight:400;letter-spacing:normal;orphans:2;text-align:start;text-indent:0px;text-transform:none;white-space:normal;widows:2;word-spacing:0px;-webkit-text-stroke-width:0px;text-decoration-style:initial;text-decoration-color:initial;\"><span style=\"font-size:16px;font-family:Arial;\">The product is packed in full cardboard square carton with a net weight of 25kg, lined with double-layer plastic bags.</span></p>\r\n<hr />\r\n<p></p>\r\n<span style=\"font-family:Arial;\"> </span><p style=\"margin:5px 0px;color:#000000;font-family:sans-serif;font-size:16px;font-style:normal;font-variant-ligatures:normal;font-variant-caps:normal;font-weight:400;letter-spacing:normal;orphans:2;text-align:start;text-indent:0px;text-transform:none;white-space:normal;widows:2;word-spacing:0px;-webkit-text-stroke-width:0px;text-decoration-style:initial;text-decoration-color:initial;\"><span style=\"font-size:16px;\"><strong><span style=\"font-family:Arial;\">Quality standard</span></strong></span><span style=\"font-size:16px;\"><strong><span style=\"font-family:Arial;\">：</span></strong></span></p>\r\n<span style=\"font-family:Arial;\"> </span><p style=\"margin:5px 0px;color:#000000;font-family:sans-serif;font-size:16px;font-style:normal;font-variant-ligatures:normal;font-variant-caps:normal;font-weight:400;letter-spacing:normal;orphans:2;text-align:start;text-indent:0px;text-transform:none;white-space:normal;widows:2;word-spacing:0px;-webkit-text-stroke-width:0px;text-decoration-style:initial;text-decoration-color:initial;\"><span style=\"font-size:16px;font-family:Arial;\">The standard for the production of this product is GB25540-2010, at the same time the product complies with the FCC, BP, EP, and FAO/WHO/JECFA standards.</span></p>\r\n<hr />\r\n<p></p>\r\n<span style=\"font-family:Arial;\"> </span><p style=\"margin:5px 0px;color:#000000;font-family:sans-serif;font-size:16px;font-style:normal;font-variant-ligatures:normal;font-variant-caps:normal;font-weight:400;letter-spacing:normal;orphans:2;text-align:start;text-indent:0px;text-transform:none;white-space:normal;widows:2;word-spacing:0px;-webkit-text-stroke-width:0px;text-decoration-style:initial;text-decoration-color:initial;\"><span style=\"font-size:16px;\"><strong><span style=\"font-family:Arial;\">Reference dosage (g/kg)</span></strong></span><span style=\"font-size:16px;\"><strong><span style=\"font-family:Arial;\">：</span></strong></span></p>\r\n<span style=\"font-family:Arial;\"> </span><span style=\"font-family:Arial;\"> </span><span style=\"font-family:Arial;\"> </span><table class=\"MsoNormalTable ke-zeroborder\" style=\"margin-bottom:10px;border-collapse:collapse;display:table;color:#000000;font-family:sans-serif;font-size:16px;font-style:normal;font-variant-ligatures:normal;font-variant-caps:normal;font-weight:400;letter-spacing:normal;orphans:2;text-align:start;text-indent:0px;text-transform:none;white-space:normal;widows:2;word-spacing:0px;-webkit-text-stroke-width:0px;text-decoration-style:initial;text-decoration-color:initial;\" width=\"100%\"><tbody><tr class=\"firstRow\"></tr>\r\n</tbody>\r\n</table>\r\n<span style=\"font-family:Arial;\"> </span><span style=\"font-family:Arial;\"> </span><span style=\"font-family:Arial;\"> </span><span style=\"font-family:Arial;\"> </span><span style=\"font-family:Arial;\"> </span><span style=\"font-family:Arial;\"> </span><span style=\"font-family:Arial;\"> </span><span style=\"font-family:Arial;\"> </span><span style=\"font-family:Arial;\"> </span><span style=\"font-family:Arial;\"> </span><span style=\"font-family:Arial;\"> </span><span style=\"font-family:Arial;\"> </span><span style=\"font-family:Arial;\"> </span><span style=\"font-family:Arial;\"> </span><span style=\"font-family:Arial;\"> </span><span style=\"font-family:Arial;\"> </span><span style=\"font-family:Arial;\"> </span><span style=\"font-family:Arial;\"> </span><table style=\"margin-bottom:10px;border-collapse:collapse;display:table;color:#000000;font-family:sans-serif;font-size:16px;font-style:normal;font-variant-ligatures:normal;font-variant-caps:normal;font-weight:400;letter-spacing:normal;orphans:2;text-align:start;text-indent:0px;text-transform:none;white-space:normal;widows:2;word-spacing:0px;-webkit-text-stroke-width:0px;width:100%;\" class=\"ke-zeroborder\"><tbody><tr class=\"firstRow\"><td style=\"padding:5px 10px;border:1px solid #dddddd;text-align:center;\"><p><span style=\"font-family:Arial;\">&nbsp;Candy&nbsp; &nbsp;</span></p>\r\n<p><span style=\"font-family:Arial;\">2.00</span></p>\r\n</td>\r\n<td style=\"padding:5px 10px;border:1px solid #dddddd;text-align:center;\"><p><span style=\"font-family:Arial;\">&nbsp;Beverage&nbsp; &nbsp;</span></p>\r\n<p><span style=\"font-family:Arial;\">0.30</span></p>\r\n</td>\r\n<td style=\"padding:5px 10px;border:1px solid #dddddd;text-align:center;\"><p><span style=\"font-family:Arial;\">&nbsp;Fruit can&nbsp; &nbsp;&nbsp;</span></p>\r\n<p><span style=\"font-family:Arial;\">0.30</span></p>\r\n</td>\r\n</tr>\r\n<tr><td style=\"padding:5px 10px;border:1px solid #dddddd;text-align:center;\"><p><span style=\"font-family:Arial;\">&nbsp;Soy sauce&nbsp; &nbsp;</span></p>\r\n<p><span style=\"font-family:Arial;\">1.00</span></p>\r\n</td>\r\n<td style=\"padding:5px 10px;border:1px solid #dddddd;text-align:center;\"><p><span style=\"font-family:Arial;\">&nbsp;Glazed fruit&nbsp;&nbsp;</span></p>\r\n<p><span style=\"font-family:Arial;\">&nbsp;0.30</span></p>\r\n</td>\r\n<td style=\"padding:5px 10px;border:1px solid #dddddd;text-align:center;\"><p><span style=\"font-family:Arial;\">&nbsp;Gum based candy&nbsp; &nbsp;</span></p>\r\n<p><span style=\"font-family:Arial;\">4.00</span></p>\r\n</td>\r\n</tr>\r\n<tr><td style=\"padding:5px 10px;border:1px solid #dddddd;text-align:center;\"><p><span style=\"font-family:Arial;\">&nbsp;Fruit jelly&nbsp;&nbsp;</span></p>\r\n<p><span style=\"font-family:Arial;\">0.30</span></p>\r\n</td>\r\n<td style=\"padding:5px 10px;border:1px solid #dddddd;text-align:center;\"><p><span style=\"font-family:Arial;\">&nbsp;Flavored fermented milk</span></p>\r\n<p><span style=\"font-family:Arial;\">&nbsp;0.35</span></p>\r\n</td>\r\n<td style=\"padding:5px 10px;border:1px solid #dddddd;text-align:center;\"><p><span style=\"font-family:Arial;\">&nbsp;Cooked nuts and seeds&nbsp;</span></p>\r\n<p><span style=\"font-family:Arial;\">3.00</span></p>\r\n</td>\r\n</tr>\r\n<tr><td style=\"padding:5px 10px;border:1px solid #dddddd;text-align:center;\"><p><span style=\"font-family:Arial;\">&nbsp;Spice&nbsp; &nbsp;&nbsp;</span></p>\r\n<p><span style=\"font-family:Arial;\">0.50</span></p>\r\n</td>\r\n<td style=\"padding:5px 10px;border:1px solid #dddddd;text-align:center;\"><span style=\"font-family:Arial;\">&nbsp;Baked food&nbsp; &nbsp; 0.30</span></td>\r\n<td style=\"padding:5px 10px;border:1px solid #dddddd;text-align:center;\"><p><span style=\"font-family:Arial;\">&nbsp;Table sweetener&nbsp;&nbsp;</span></p>\r\n<p><span style=\"font-family:Arial;\">&nbsp;0.04g/each</span></p>\r\n</td>\r\n</tr>\r\n</tbody>\r\n</table>\r\n<table class=\"MsoNormalTable ke-zeroborder\" style=\"margin-bottom:10px;border-collapse:collapse;display:table;color:#000000;font-family:sans-serif;font-size:16px;font-style:normal;font-variant-ligatures:normal;font-variant-caps:normal;font-weight:400;letter-spacing:normal;orphans:2;text-align:start;text-indent:0px;text-transform:none;white-space:normal;widows:2;word-spacing:0px;-webkit-text-stroke-width:0px;text-decoration-style:initial;text-decoration-color:initial;\" width=\"642\"><tbody><tr class=\"firstRow\"></tr>\r\n</tbody>\r\n</table>', '1', '0', '0', '0', '0', '0', '1', '1541213627', '1542607951', '', '<p></p>\r\n<p class=\"MsoNormal\"><span style=\"font-size:12pt;\">Product features</span><span style=\"font-size:16px;\">：</span><span style=\"font-size:16px;\">white,odorless,freely flowing crystalline powder having an intensely sweet taste,</span><span style=\"font-size:16px;\">approximately 200 times sweeter than sucrose (3% solution)</span></p>\r\n<p class=\"MsoNormal\"><span style=\"font-size:12.0pt;font-family:\" 微软雅黑\",sans-serif;mso-bidi-font-family:微软雅黑;\"=\"\" lang=\"EN-US\">ADI</span><span style=\"font-size:12.0pt;font-family:\" 微软雅黑\",sans-serif;mso-bidi-font-family:微软雅黑;\"=\"\">：<span lang=\"EN-US\">0-15mg/kg<o:p></o:p></span></span></p>\r\n<p class=\"MsoNormal\"><span style=\"font-size:12.0pt;font-family:\" 微软雅黑\",sans-serif;mso-bidi-font-family:微软雅黑;\"=\"\" lang=\"EN-US\">CAS NO.</span><span style=\"font-size:12.0pt;font-family:\" 微软雅黑\",sans-serif;mso-bidi-font-family:微软雅黑;\"=\"\">：<span lang=\"EN-US\">55589-62-3<o:p></o:p></span></span></p>\r\n<p class=\"MsoNormal\"><span style=\"font-size:12.0pt;font-family:\" 微软雅黑\",sans-serif;mso-bidi-font-family:微软雅黑;\"=\"\" lang=\"EN-US\">Melting point</span><span style=\"font-size:12.0pt;font-family:\" 微软雅黑\",sans-serif;mso-bidi-font-family:微软雅黑;\"=\"\">：<span lang=\"EN-US\">225</span>℃<span lang=\"EN-US\"><o:p></o:p></span></span></p>\r\n<p class=\"MsoNormal\"><span style=\"font-size:12.0pt;font-family:\" 微软雅黑\",sans-serif;mso-bidi-font-family:微软雅黑;\"=\"\" lang=\"EN-US\">Molecular weight</span><span style=\"font-size:12.0pt;font-family:\" 微软雅黑\",sans-serif;mso-bidi-font-family:微软雅黑;\"=\"\">：<span lang=\"EN-US\">201.24<o:p></o:p></span></span></p>\r\n<p class=\"MsoNormal\"><span style=\"font-size:12.0pt;font-family:\" 微软雅黑\",sans-serif;mso-bidi-font-family:微软雅黑;\"=\"\" lang=\"EN-US\">Sweetness multiple</span><span style=\"font-size:12.0pt;font-family:\" 微软雅黑\",sans-serif;mso-bidi-font-family:微软雅黑;\"=\"\">：<span lang=\"EN-US\">200-250</span></span></p>\r\n<p></p>', 'Yabangtech', '4');
INSERT INTO `my_arclist` VALUES ('18', '7', '0', 'Food Ingredients China (FIC)', '', '', 'FIC (Food Ingredients China) now becomes an international professional brand show in the...', '', '0.00', '0.00', '0.00', '0.00', '', '', '/uploads/154140540424211.jpg', '', '', '', '', '<p class=\"MsoNormal\" align=\"left\"><span style=\"font-size:12.0pt;font-family:\" times=\"\" new=\"\" roman\",serif\"=\"\" lang=\"EN-US\">FIC (Food\r\nIngredients China) now becomes an international professional brand show in the\r\nindustry with great influence and cohesiveness. It attracts tens of thousands\r\nprofessional visitors each year, and thousands of domestic and overseas\r\nexhibitors including the leading companies of the industry. The number grows\r\nsteadily year by year. During the show, there are abundant activities including\r\nnew product and technology launch events, academician forums and lectures.\r\nAcademicians, experts and scholars from food industry are invited to provide\r\nviews and insights on various industry development trends, innovations and the\r\nresults of R&amp;D, regulations and standards, marketing information and also\r\nto discuss on social sensitive topics and widely concerned problems. The high\r\nlevel industry activities, great quality and large scale &amp; scope make FIC\r\nattractive and outstanding, FIC provides a solid platform between supply and\r\ndemand side, and also between domestic and overseas industry.<o:p></o:p></span></p>\r\n<p class=\"MsoNormal\" align=\"left\"><span style=\"font-size:12.0pt;font-family:\" times=\"\" new=\"\" roman\",serif\"=\"\" lang=\"EN-US\">We are looking\r\nforward to your participation in FIC.<o:p></o:p></span></p>\r\n<p class=\"MsoNormal\" align=\"left\"><span style=\"font-size:12.0pt;font-family:\" times=\"\" new=\"\" roman\",serif\"=\"\" lang=\"EN-US\"><img src=\"/uploads/20181105/20181105160957_81601.jpg\" alt=\"\" width=\"100%\" /><br />\r\n</span></p>', '1', '1', '0', '0', '0', '0', '1', '1541405404', '1541993109', '', '', 'Yabangtech', '5');
INSERT INTO `my_arclist` VALUES ('19', '7', '0', 'Yabang technology organized fire drill training for employees', '', '', 'In order to further improve employees\' awareness of fire control, enhance the ability of self-rescue and master the skills of extinguishing initial fire, we organized fire drill training for employees on Oct.11th to 12th,2018.', '', '0.00', '0.00', '0.00', '0.00', '', '', '/uploads/154140628159291.jpg', '', '', '', '', '<p class=\"MsoNormal\" align=\"left\">In order to further improve employees\' awareness of fire control, enhance the ability of self-rescue and master the skills of extinguishing initial fire, we organized fire drill training for employees on Oct.11th to 12th,2018.</p>\r\n<p class=\"MsoNormal\" align=\"left\"><img src=\"/uploads/20181105/20181105161951_72801.jpg\" alt=\"\" style=\"font-size:12pt;\" width=\"100%\" /></p>\r\n<p class=\"MsoNormal\" align=\"left\"><span lang=\"EN-US\" style=\"font-size:12.0pt;font-family:\" times=\"\" new=\"\" roman\",serif\"=\"\"><br />\r\n</span></p>', '1', '0', '0', '0', '0', '0', '1', '1541406281', '1541993226', '', '', 'Yabangtech', '4');
INSERT INTO `my_arclist` VALUES ('20', '7', '0', 'The Fun Games were successfully held in Yabang technology', '', 'Yabang technology', 'In order to motivate employees, promote mutual friendship of staff and enhance company’s...', '', '0.00', '0.00', '0.00', '0.00', '', '', '/uploads/154140659974921.jpg', '', '', '', '', '<p class=\"MsoNormal\"><span style=\"font-size:12pt;font-family:\" times=\"\" new=\"\" roman\",=\"\" serif;background-image:initial;background-position:initial;background-size:initial;background-repeat:initial;background-attachment:initial;background-origin:initial;background-clip:initial;\"=\"\" lang=\"EN-US\">In order to motivate employees,\r\npromote mutual friendship of staff and enhance company’s cohesion, we held the\r\nFun Games in September before the coming Mid-Autumn Festival and National Day.</span><span style=\"font-size:12.0pt;font-family:\" times=\"\" new=\"\" roman\",serif\"=\"\" lang=\"EN-US\"><o:p></o:p></span></p>\r\n<p class=\"MsoNormal\"><span style=\"font-size:12pt;font-family:\" times=\"\" new=\"\" roman\",=\"\" serif;background-image:initial;background-position:initial;background-size:initial;background-repeat:initial;background-attachment:initial;background-origin:initial;background-clip:initial;\"=\"\" lang=\"EN-US\"><img src=\"/uploads/20181105/20181105162946_27622.jpg\" alt=\"\" width=\"100%\" /><br />\r\n</span></p>\r\n<p class=\"MsoNormal\"><span style=\"font-size:12pt;font-family:\" times=\"\" new=\"\" roman\",=\"\" serif;background-image:initial;background-position:initial;background-size:initial;background-repeat:initial;background-attachment:initial;background-origin:initial;background-clip:initial;\"=\"\" lang=\"EN-US\"><img src=\"/uploads/20181105/20181105163222_31117.jpg\" alt=\"\" width=\"100%\" /><br />\r\n</span></p>\r\n<p class=\"MsoNormal\"><span style=\"font-size:12pt;font-family:\" times=\"\" new=\"\" roman\",=\"\" serif;background-image:initial;background-position:initial;background-size:initial;background-repeat:initial;background-attachment:initial;background-origin:initial;background-clip:initial;\"=\"\" lang=\"EN-US\"><img src=\"/uploads/20181105/20181105163235_18196.jpg\" alt=\"\" width=\"100%\" /><br />\r\n</span></p>', '1', '0', '0', '0', '0', '0', '1', '1541406599', '1541993100', '', '', 'Yabangtech', '1');
INSERT INTO `my_arclist` VALUES ('23', '7', '0', 'Welcome to visit us in FIC 2018 Autumn Guangzhou', '', '', 'We will attend Food Ingredients China (FIC) 2018 in Guangzhou from Nov.8th to10th,2018. ', '', '0.00', '0.00', '0.00', '0.00', '', '', '/uploads/154140782968421.jpg', '', '', '', '', '<p class=\"MsoNormal\" align=\"left\"><span style=\"font-size:16px;\">We will attend Food Ingredients China (FIC) 2018 in Guangzhou from Nov.8th to10th,2018. We sincerely invite you as honorable guests to our booth number 13H11.</span></p>\r\n<p class=\"MsoNormal\" align=\"left\"><span style=\"font-size:12.0pt;font-family:\" times=\"\" new=\"\" roman\",serif;mso-fareast-font-family:=\"\" tahoma\"=\"\" lang=\"EN-US\"><img src=\"/uploads/20181105/20181105164952_87209.jpg\" alt=\"\" width=\"100%\" /><br />\r\n</span></p>', '1', '0', '0', '0', '0', '0', '1', '1541407829', '1541992833', '', '', 'Yabangtech', '6');
INSERT INTO `my_arclist` VALUES ('21', '7', '0', 'Yabang technology held the first safety knowledge contest', '', '', 'This June is the 17th month of safe production in China, “Life first, safety development” is the ...', '', '0.00', '0.00', '0.00', '0.00', '', '', '/uploads/154140705557431.jpg', '', '', '', '', '<p class=\"MsoNormal\" align=\"left\"><span style=\"font-size:12.0pt;font-family:\" times=\"\" new=\"\" roman\",serif\"=\"\" lang=\"EN-US\">This June is the\r\n17th month of safe production in China, “Life first, safety development” is the\r\ntheme of this safe production month. On June 28th,2018, we held the first\r\nsafety knowledge contest.<o:p></o:p></span></p>\r\n<p class=\"MsoNormal\" align=\"left\"><span style=\"font-size:12.0pt;font-family:\" times=\"\" new=\"\" roman\",serif\"=\"\" lang=\"EN-US\"><img src=\"/uploads/20181105/20181105163656_41442.jpg\" alt=\"\" width=\"100%\" /><br />\r\n</span></p>\r\n<p class=\"MsoNormal\" align=\"left\"><span style=\"font-size:12.0pt;font-family:\" times=\"\" new=\"\" roman\",serif\"=\"\" lang=\"EN-US\"><img src=\"/uploads/20181105/20181105163708_53532.jpg\" alt=\"\" width=\"100%\" /><br />\r\n</span></p>\r\n<p class=\"MsoNormal\" align=\"left\"><span style=\"font-size:12.0pt;font-family:\" times=\"\" new=\"\" roman\",serif\"=\"\" lang=\"EN-US\"><img src=\"/uploads/20181105/20181105163717_29142.jpg\" alt=\"\" width=\"100%\" /><br />\r\n</span></p>', '1', '0', '0', '0', '0', '0', '1', '1541407055', '1541993080', '', '', 'Yabangtech', '2');
INSERT INTO `my_arclist` VALUES ('22', '7', '0', 'Yabang technology organized the training of “Target decomposition', '', '', 'On March 15th, 2018, we organized and carried out the training of “Target decomposition ...', '', '0.00', '0.00', '0.00', '0.00', '', '', '/uploads/154140722796341.jpg', '', '', '', '', '<p class=\"MsoNormal\" align=\"left\"><span style=\"font-size:12.0pt;font-family:\" times=\"\" new=\"\" roman\",serif\"=\"\" lang=\"EN-US\">On March 15th,\r\n2018, we organized and carried out the training of “</span><span style=\"font-size:12pt;font-family:\" times=\"\" new=\"\" roman\",=\"\" serif;background-image:initial;background-position:initial;background-size:initial;background-repeat:initial;background-attachment:initial;background-origin:initial;background-clip:initial;\"=\"\" lang=\"EN-US\">Target decomposition</span><span style=\"font-size:12.0pt;font-family:\" times=\"\" new=\"\" roman\",serif\"=\"\" lang=\"EN-US\"> &amp; </span><span style=\"font-size:12pt;font-family:\" times=\"\" new=\"\" roman\",=\"\" serif;background-image:initial;background-position:initial;background-size:initial;background-repeat:initial;background-attachment:initial;background-origin:initial;background-clip:initial;\"=\"\" lang=\"EN-US\">Performance management” in the\r\nmeeting room.</span><span style=\"font-size:12.0pt;\" lang=\"EN-US\"><o:p></o:p></span></p>\r\n<p class=\"MsoNormal\" align=\"left\"><span style=\"font-size:12pt;font-family:\" times=\"\" new=\"\" roman\",=\"\" serif;background-image:initial;background-position:initial;background-size:initial;background-repeat:initial;background-attachment:initial;background-origin:initial;background-clip:initial;\"=\"\" lang=\"EN-US\"><img src=\"/uploads/20181105/20181105163943_94259.jpg\" alt=\"\" width=\"100%\" /><br />\r\n</span></p>\r\n<p class=\"MsoNormal\" align=\"left\"><span style=\"font-size:12pt;font-family:\" times=\"\" new=\"\" roman\",=\"\" serif;background-image:initial;background-position:initial;background-size:initial;background-repeat:initial;background-attachment:initial;background-origin:initial;background-clip:initial;\"=\"\" lang=\"EN-US\"><img src=\"/uploads/20181105/20181105163957_16137.jpg\" alt=\"\" width=\"100%\" /><br />\r\n</span></p>', '1', '0', '0', '0', '0', '0', '1', '1541407200', '1541992882', '', '', 'Yabangtech', '3');
INSERT INTO `my_arclist` VALUES ('27', '8', '0', 'Cost saving with Acesulfame K Sweeteners up to 90%', '', '', 'Did you know you can save costs by using a blend of sweeteners for your beverage application?', '', '0.00', '0.00', '0.00', '0.00', '', '', '/uploads/154218530165061.jpg', '', '', '', '', '<div>Did you know you can save costs by using a blend of Acesulfame K for your beverage application?</div>\r\n<div><br />\r\n</div>\r\n<div>For example, Acesulfame potassium is commonly used in the food industry, such as desserts,chewing gum,alcoholic beverages,syrups,candies,sauces and yogurt.</div>\r\n<div><br />\r\n</div>\r\n<div>Even though sweeteners are actually in use to formulate significantly calorie-reduced or calorie-free products,it is also true that economic benefits are realized by replacing sugar.Manufacturing cost of high intense sweeteners are in reality quite high, but as the sweetening power is hundredfold higher compared to sugar,a significant cost saving for the food and drink manufacturers is achievable since less product is needed to sweeten a product. However,looking for lower cost is many times accompanied with change in sensory quality.The vast majority of consumers is sensitive to changes in taste profiles and most times changes are judged negative.Hence,Yabang Chemical Technology Co., Ltd. developed a acesulfame potassium formulation for cost reduction and still maintain the desired sweetness profile.</div>\r\n<div><br />\r\n</div>\r\n<div><img src=\"/uploads/20181114/20181114164740_68631.jpg\" alt=\"\" width=\"100%\" /><br />\r\n</div>\r\n<div><br />\r\n</div>', '1', '0', '0', '0', '0', '0', '1', '1542185301', '1542610849', '', '', 'Yabangtech', '4');
INSERT INTO `my_arclist` VALUES ('24', '15', '0', 'MAGNESIUM SULFATE HEPTAHYDRATE', '', '', 'Being white or colorless acerose, oblique columnar crystal or fibrous, granular or powder, it is odourless, coolish and faintly bitter.It can dissolve in water, but slightly in ethanol and glycerin. It is stable in moisture-laden air under the condition that the temperature is less than 48.1℃, but is easy to be worn away in warm and dry air; It is toxic, with pH value of 7, and is neutral.', '', '0.00', '0.00', '0.00', '0.00', '', '', '/uploads/154145780780221.jpg', '', '', '', '', '<p><span style=\"font-family: Arial; font-size: 16px;\" times=\"\" new=\"\" roman\";\"=\"\"><span style=\"font-size:16px;\"><b><span style=\"font-family: Arial; font-size: 16px;\" arial=\"\" black\";\"=\"\">Properties：</span></b></span></span></p>\r\n<b> </b><p></p>\r\n<p><span style=\"font-size: 16px; font-family: Arial;\" times=\"\" new=\"\" roman\";font-size:16px;\"=\"\">Being white or colorless acerose, oblique columnar crystal or fibrous, granular or powder, it is odourless, coolish and faintly bitter.It can dissolve in water, but slightly in ethanol and glycerin. It is stable in moisture-laden air under the condition that the temperature is less than 48.1℃, but is easy to be worn away in warm and dry air; It is toxic, with pH value of 7, and is neutral.</span></p>\r\n<hr />\r\n<p></p>\r\n<span style=\"font-size:16px;\"> </span><span style=\"font-family:Arial;font-size:16px;\"> </span><span style=\"font-family:\" times=\"\" new=\"\" roman\";\"=\"\"><b><span style=\"font-size: 16px; font-family: Arial;\" arial=\"\" black\";\"=\"\">Use：</span></b></span><p><span style=\"font-size: 16px; font-family: Arial;\" times=\"\" new=\"\" roman\";font-size:16px;\"=\"\">In food processing, it can be used as a kind of food additive. In industrial production, it is often used in combination with calcium salt for wine starter water.In agriculture, magnesium sulfate heptahydrate is used as a kind of fertilizer. In particular industry, magnesium sulfate heptahydrate is also used in bath salts, leather production, explosives, paper making, porcelain, medical treatment, oral laxatives, and additive of mineral water treatment,oral laxatives,and additive of mineral water.</span></p>\r\n<hr />\r\n<p></p>\r\n<span style=\"font-size:16px;\"> </span><span style=\"font-family:Arial;font-size:16px;\"> </span><p><span style=\"font-family:\" times=\"\" new=\"\" roman\";\"=\"\"><b><span style=\"font-size: 16px; font-family: Arial;\" arial=\"\" black\";\"=\"\">Storage:</span></b></span></p>\r\n<p><span style=\"font-size: 16px; font-family: Arial;\" times=\"\" new=\"\" roman\";font-size:16px;\"=\"\">It shall be stored in a cool, well-ventilated warehouse. Keep away from ignition sources, heat and flame. It shall be stored separately from products of acids. Mixing storage is strictly forbidden. Suitable materials shall be provided in the storage area to take in the leakage.</span></p>', '1', '0', '0', '0', '0', '0', '1', '1541440310', '1541599254', '', '<p class=\"MsoNormal\"><span style=\"font-size: 14px; font-family: \" times=\"\" new=\"\" roman\";\"=\"\" 微软雅黑\",sans-serif;mso-bidi-font-family:微软雅黑;\"=\"\" lang=\"EN-US\">Product category</span><span style=\"font-size: 14px; font-family: \" times=\"\" new=\"\" roman\";\"=\"\" 微软雅黑\",sans-serif;mso-bidi-font-family:微软雅黑;\"=\"\">：<span lang=\"EN-US\" style=\"font-size: 14px; font-family: \" times=\"\" new=\"\" roman\";\"=\"\">Basic\r\nraw material for inorganic chemical industry</span></span></p>\r\n<span style=\"font-size:14px;font-family:\" times=\"\" new=\"\" roman\";\"=\"\"> </span><span style=\"font-size: 14px; font-family: \" times=\"\" new=\"\" roman\";\"=\"\"> </span><p class=\"MsoNormal\"><span style=\"font-size: 14px; font-family: \" times=\"\" new=\"\" roman\";\"=\"\" 微软雅黑\",sans-serif;mso-bidi-font-family:微软雅黑;\"=\"\" lang=\"EN-US\">Product name</span><span style=\"font-size: 14px; font-family: \" times=\"\" new=\"\" roman\";\"=\"\" 微软雅黑\",sans-serif;mso-bidi-font-family:微软雅黑;\"=\"\">：<span lang=\"EN-US\" style=\"font-size: 14px; font-family: \" times=\"\" new=\"\" roman\";\"=\"\">Magnesium\r\nsulfate heptahydrate</span></span></p>\r\n<span style=\"font-size:14px;font-family:\" times=\"\" new=\"\" roman\";\"=\"\"> </span><span style=\"font-size: 14px; font-family: \" times=\"\" new=\"\" roman\";\"=\"\"> </span><p class=\"MsoNormal\"><span style=\"font-size: 14px; font-family: \" times=\"\" new=\"\" roman\";\"=\"\" 微软雅黑\",sans-serif;mso-bidi-font-family:微软雅黑;\"=\"\" lang=\"EN-US\">CAS NO</span><span style=\"font-size: 14px; font-family: \" times=\"\" new=\"\" roman\";\"=\"\" 微软雅黑\",sans-serif;mso-bidi-font-family:微软雅黑;\"=\"\">：<span lang=\"EN-US\" style=\"font-size: 14px; font-family: \" times=\"\" new=\"\" roman\";\"=\"\">10034-99-8</span></span></p>\r\n<span style=\"font-size:14px;font-family:\" times=\"\" new=\"\" roman\";\"=\"\"> </span><span style=\"font-size: 14px; font-family: \" times=\"\" new=\"\" roman\";\"=\"\"> </span><p class=\"MsoNormal\"><span style=\"font-size: 14px; font-family: \" times=\"\" new=\"\" roman\";\"=\"\" 微软雅黑\",sans-serif;mso-bidi-font-family:微软雅黑;\"=\"\" lang=\"EN-US\">Molecular formula</span><span style=\"font-size: 14px; font-family: \" times=\"\" new=\"\" roman\";\"=\"\" 微软雅黑\",sans-serif;mso-bidi-font-family:微软雅黑;\"=\"\">：<span lang=\"EN-US\" style=\"font-size: 14px; font-family: \" times=\"\" new=\"\" roman\";\"=\"\">H14MgO11S</span></span></p>\r\n<span style=\"font-size:14px;font-family:\" times=\"\" new=\"\" roman\";\"=\"\"> </span><span style=\"font-size: 14px; font-family: \" times=\"\" new=\"\" roman\";\"=\"\"> </span><p class=\"MsoNormal\"><span style=\"font-size: 14px; font-family: \" times=\"\" new=\"\" roman\";\"=\"\" 微软雅黑\",sans-serif;mso-bidi-font-family:微软雅黑;\"=\"\" lang=\"EN-US\">Molecular weight</span><span style=\"font-size: 14px; font-family: \" times=\"\" new=\"\" roman\";\"=\"\" 微软雅黑\",sans-serif;mso-bidi-font-family:微软雅黑;\"=\"\">：<span lang=\"EN-US\" style=\"font-size: 14px; font-family: \" times=\"\" new=\"\" roman\";\"=\"\">246.4746</span></span></p>\r\n<span style=\"font-size:14px;font-family:\" times=\"\" new=\"\" roman\";\"=\"\"> </span><span style=\"font-size: 14px; font-family: \" times=\"\" new=\"\" roman\";\"=\"\"> </span><p class=\"MsoNormal\"><span style=\"font-size: 14px; font-family: \" times=\"\" new=\"\" roman\";\"=\"\" 微软雅黑\",sans-serif;mso-bidi-font-family:微软雅黑;\"=\"\" lang=\"EN-US\">Melting point</span><span style=\"font-size: 14px; font-family: \" times=\"\" new=\"\" roman\";\"=\"\" 微软雅黑\",sans-serif;mso-bidi-font-family:微软雅黑;\"=\"\">：<span lang=\"EN-US\" style=\"font-size: 14px; font-family: \" times=\"\" new=\"\" roman\";\"=\"\">1124</span>℃</span></p>\r\n<span style=\"font-size:14px;font-family:\" times=\"\" new=\"\" roman\";\"=\"\"> </span><span style=\"font-size: 14px; font-family: \" times=\"\" new=\"\" roman\";\"=\"\"> </span><p class=\"MsoNormal\"><span style=\"font-size: 14px; font-family: \" times=\"\" new=\"\" roman\";\"=\"\" 微软雅黑\",sans-serif;mso-bidi-font-family:微软雅黑;\"=\"\" lang=\"EN-US\">Density</span><span style=\"font-size: 14px; font-family: \" times=\"\" new=\"\" roman\";\"=\"\" 微软雅黑\",sans-serif;mso-bidi-font-family:微软雅黑;\"=\"\">：<span lang=\"EN-US\" style=\"font-size: 14px; font-family: \" times=\"\" new=\"\" roman\";\"=\"\">1.68</span></span></p>\r\n<span style=\"font-size:14px;font-family:\" times=\"\" new=\"\" roman\";\"=\"\"> </span><span style=\"font-size: 14px; font-family: \" times=\"\" new=\"\" roman\";\"=\"\"> </span><p class=\"MsoNormal\"><span style=\"font-size: 14px; font-family: \" times=\"\" new=\"\" roman\";\"=\"\" 微软雅黑\",sans-serif;mso-bidi-font-family:微软雅黑;\"=\"\" lang=\"EN-US\">Hazard symbol</span><span style=\"font-size: 14px; font-family: \" times=\"\" new=\"\" roman\";\"=\"\" 微软雅黑\",sans-serif;mso-bidi-font-family:微软雅黑;\"=\"\">：<span lang=\"EN-US\" style=\"font-size: 14px; font-family: \" times=\"\" new=\"\" roman\";\"=\"\">Xi</span></span></p>\r\n<span style=\"font-size:14px;font-family:\" times=\"\" new=\"\" roman\";\"=\"\"> </span><span style=\"font-size: 14px; font-family: \" times=\"\" new=\"\" roman\";\"=\"\"> </span><p class=\"MsoNormal\"><span style=\"font-size: 14px; font-family: \" times=\"\" new=\"\" roman\";\"=\"\" 微软雅黑\",sans-serif;mso-bidi-font-family:微软雅黑;\"=\"\" lang=\"EN-US\">EINECS NO</span><span style=\"font-size: 14px; font-family: \" times=\"\" new=\"\" roman\";\"=\"\" 微软雅黑\",sans-serif;mso-bidi-font-family:微软雅黑;\"=\"\">：<span lang=\"EN-US\" style=\"font-size: 14px; font-family: \" times=\"\" new=\"\" roman\";\"=\"\">231-298-2</span></span></p>\r\n<!--[if gte mso 9]><xml>  <w:worddocument>   <w:view>Normal</w:view>   <w:zoom>0</w:zoom>   <w:trackmoves />   <w:trackformatting />   <w:punctuationkerning />   <w:drawinggridverticalspacing>7.8 磅</w:drawinggridverticalspacing>   <w:displayhorizontaldrawinggridevery>0</w:displayhorizontaldrawinggridevery>   <w:displayverticaldrawinggridevery>2</w:displayverticaldrawinggridevery>   <w:validateagainstschemas />   <w:saveifxmlinvalid>false</w:saveifxmlinvalid>   <w:ignoremixedcontent>false</w:ignoremixedcontent>   <w:alwaysshowplaceholdertext>false</w:alwaysshowplaceholdertext>   <w:donotpromoteqf />   <w:lidthemeother>EN-US</w:lidthemeother>   <w:lidthemeasian>ZH-CN</w:lidthemeasian>   <w:lidthemecomplexscript>X-NONE</w:lidthemecomplexscript>   <w:compatibility>    <w:spaceforul />    <w:balancesinglebytedoublebytewidth />    <w:donotleavebackslashalone />    <w:ultrailspace />    <w:donotexpandshiftreturn />    <w:adjustlineheightintable />    <w:breakwrappedtables />    <w:snaptogridincell />    <w:wraptextwithpunct />    <w:useasianbreakrules />    <w:dontgrowautofit />    <w:splitpgbreakandparamark />    <w:enableopentypekerning />    <w:dontflipmirrorindents />    <w:overridetablestylehps />    <w:usefelayout />   </w:compatibility>   <w:donotoptimizeforbrowser />   <m:mathpr>    <m:mathfont m:val=\"Cambria Math\" />    <m:brkbin m:val=\"before\" />    <m:brkbinsub m:val=\"--\" />    <m:smallfrac m:val=\"off\" />    <m:dispdef />    <m:lmargin m:val=\"0\" />    <m:rmargin m:val=\"0\" />    <m:defjc m:val=\"centerGroup\" />    <m:wrapindent m:val=\"1440\" />    <m:intlim m:val=\"subSup\" />    <m:narylim m:val=\"undOvr\" />   </m:mathpr></w:worddocument> </xml><![endif]--><!--[if gte mso 9]><xml>  <w:latentstyles deflockedstate=\"false\" defunhidewhenused=\"false\" defsemihidden=\"false\" defqformat=\"false\" defpriority=\"99\" latentstylecount=\"371\">   <w:lsdexception locked=\"false\" priority=\"0\" qformat=\"true\" name=\"Normal\" />   <w:lsdexception locked=\"false\" priority=\"9\" qformat=\"true\" name=\"heading 1\" />   <w:lsdexception locked=\"false\" priority=\"9\" semihidden=\"true\" unhidewhenused=\"true\" qformat=\"true\" name=\"heading 2\" />   <w:lsdexception locked=\"false\" priority=\"9\" semihidden=\"true\" unhidewhenused=\"true\" qformat=\"true\" name=\"heading 3\" />   <w:lsdexception locked=\"false\" priority=\"9\" semihidden=\"true\" unhidewhenused=\"true\" qformat=\"true\" name=\"heading 4\" />   <w:lsdexception locked=\"false\" priority=\"9\" semihidden=\"true\" unhidewhenused=\"true\" qformat=\"true\" name=\"heading 5\" />   <w:lsdexception locked=\"false\" priority=\"9\" semihidden=\"true\" unhidewhenused=\"true\" qformat=\"true\" name=\"heading 6\" />   <w:lsdexception locked=\"false\" priority=\"9\" semihidden=\"true\" unhidewhenused=\"true\" qformat=\"true\" name=\"heading 7\" />   <w:lsdexception locked=\"false\" priority=\"9\" semihidden=\"true\" unhidewhenused=\"true\" qformat=\"true\" name=\"heading 8\" />   <w:lsdexception locked=\"false\" priority=\"9\" semihidden=\"true\" unhidewhenused=\"true\" qformat=\"true\" name=\"heading 9\" />   <w:lsdexception locked=\"false\" semihidden=\"true\" unhidewhenused=\"true\" name=\"index 1\" />   <w:lsdexception locked=\"false\" semihidden=\"true\" unhidewhenused=\"true\" name=\"index 2\" />   <w:lsdexception locked=\"false\" semihidden=\"true\" unhidewhenused=\"true\" name=\"index 3\" />   <w:lsdexception locked=\"false\" semihidden=\"true\" unhidewhenused=\"true\" name=\"index 4\" />   <w:lsdexception locked=\"false\" semihidden=\"true\" unhidewhenused=\"true\" name=\"index 5\" />   <w:lsdexception locked=\"false\" semihidden=\"true\" unhidewhenused=\"true\" name=\"index 6\" />   <w:lsdexception locked=\"false\" semihidden=\"true\" unhidewhenused=\"true\" name=\"index 7\" />   <w:lsdexception locked=\"false\" semihidden=\"true\" unhidewhenused=\"true\" name=\"index 8\" />   <w:lsdexception locked=\"false\" semihidden=\"true\" unhidewhenused=\"true\" name=\"index 9\" />   <w:lsdexception locked=\"false\" priority=\"39\" semihidden=\"true\" unhidewhenused=\"true\" name=\"toc 1\" />   <w:lsdexception locked=\"false\" priority=\"39\" semihidden=\"true\" unhidewhenused=\"true\" name=\"toc 2\" />   <w:lsdexception locked=\"false\" priority=\"39\" semihidden=\"true\" unhidewhenused=\"true\" name=\"toc 3\" />   <w:lsdexception locked=\"false\" priority=\"39\" semihidden=\"true\" unhidewhenused=\"true\" name=\"toc 4\" />   <w:lsdexception locked=\"false\" priority=\"39\" semihidden=\"true\" unhidewhenused=\"true\" name=\"toc 5\" />   <w:lsdexception locked=\"false\" priority=\"39\" semihidden=\"true\" unhidewhenused=\"true\" name=\"toc 6\" />   <w:lsdexception locked=\"false\" priority=\"39\" semihidden=\"true\" unhidewhenused=\"true\" name=\"toc 7\" />   <w:lsdexception locked=\"false\" priority=\"39\" semihidden=\"true\" unhidewhenused=\"true\" name=\"toc 8\" />   <w:lsdexception locked=\"false\" priority=\"39\" semihidden=\"true\" unhidewhenused=\"true\" name=\"toc 9\" />   <w:lsdexception locked=\"false\" semihidden=\"true\" unhidewhenused=\"true\" name=\"Normal Indent\" />   <w:lsdexception locked=\"false\" semihidden=\"true\" unhidewhenused=\"true\" name=\"footnote text\" />   <w:lsdexception locked=\"false\" semihidden=\"true\" unhidewhenused=\"true\" name=\"annotation text\" />   <w:lsdexception locked=\"false\" semihidden=\"true\" unhidewhenused=\"true\" name=\"header\" />   <w:lsdexception locked=\"false\" semihidden=\"true\" unhidewhenused=\"true\" name=\"footer\" />   <w:lsdexception locked=\"false\" semihidden=\"true\" unhidewhenused=\"true\" name=\"index heading\" />   <w:lsdexception locked=\"false\" priority=\"35\" semihidden=\"true\" unhidewhenused=\"true\" qformat=\"true\" name=\"caption\" />   <w:lsdexception locked=\"false\" semihidden=\"true\" unhidewhenused=\"true\" name=\"table of figures\" />   <w:lsdexception locked=\"false\" semihidden=\"true\" unhidewhenused=\"true\" name=\"envelope address\" />   <w:lsdexception locked=\"false\" semihidden=\"true\" unhidewhenused=\"true\" name=\"envelope return\" />   <w:lsdexception locked=\"false\" semihidden=\"true\" unhidewhenused=\"true\" name=\"footnote reference\" />   <w:lsdexception locked=\"false\" semihidden=\"true\" unhidewhenused=\"true\" name=\"annotation reference\" />   <w:lsdexception locked=\"false\" semihidden=\"true\" unhidewhenused=\"true\" name=\"line number\" />   <w:lsdexception locked=\"false\" semihidden=\"true\" unhidewhenused=\"true\" name=\"page number\" />   <w:lsdexception locked=\"false\" semihidden=\"true\" unhidewhenused=\"true\" name=\"endnote reference\" />   <w:lsdexception locked=\"false\" semihidden=\"true\" unhidewhenused=\"true\" name=\"endnote text\" />   <w:lsdexception locked=\"false\" semihidden=\"true\" unhidewhenused=\"true\" name=\"table of authorities\" />   <w:lsdexception locked=\"false\" semihidden=\"true\" unhidewhenused=\"true\" name=\"macro\" />   <w:lsdexception locked=\"false\" semihidden=\"true\" unhidewhenused=\"true\" name=\"toa heading\" />   <w:lsdexception locked=\"false\" semihidden=\"true\" unhidewhenused=\"true\" name=\"List\" />   <w:lsdexception locked=\"false\" semihidden=\"true\" unhidewhenused=\"true\" name=\"List Bullet\" />   <w:lsdexception locked=\"false\" semihidden=\"true\" unhidewhenused=\"true\" name=\"List Number\" />   <w:lsdexception locked=\"false\" semihidden=\"true\" unhidewhenused=\"true\" name=\"List 2\" />   <w:lsdexception locked=\"false\" semihidden=\"true\" unhidewhenused=\"true\" name=\"List 3\" />   <w:lsdexception locked=\"false\" semihidden=\"true\" unhidewhenused=\"true\" name=\"List 4\" />   <w:lsdexception locked=\"false\" semihidden=\"true\" unhidewhenused=\"true\" name=\"List 5\" />   <w:lsdexception locked=\"false\" semihidden=\"true\" unhidewhenused=\"true\" name=\"List Bullet 2\" />   <w:lsdexception locked=\"false\" semihidden=\"true\" unhidewhenused=\"true\" name=\"List Bullet 3\" />   <w:lsdexception locked=\"false\" semihidden=\"true\" unhidewhenused=\"true\" name=\"List Bullet 4\" />   <w:lsdexception locked=\"false\" semihidden=\"true\" unhidewhenused=\"true\" name=\"List Bullet 5\" />   <w:lsdexception locked=\"false\" semihidden=\"true\" unhidewhenused=\"true\" name=\"List Number 2\" />   <w:lsdexception locked=\"false\" semihidden=\"true\" unhidewhenused=\"true\" name=\"List Number 3\" />   <w:lsdexception locked=\"false\" semihidden=\"true\" unhidewhenused=\"true\" name=\"List Number 4\" />   <w:lsdexception locked=\"false\" semihidden=\"true\" unhidewhenused=\"true\" name=\"List Number 5\" />   <w:lsdexception locked=\"false\" priority=\"10\" qformat=\"true\" name=\"Title\" />   <w:lsdexception locked=\"false\" semihidden=\"true\" unhidewhenused=\"true\" name=\"Closing\" />   <w:lsdexception locked=\"false\" semihidden=\"true\" unhidewhenused=\"true\" name=\"Signature\" />   <w:lsdexception locked=\"false\" priority=\"1\" semihidden=\"true\" unhidewhenused=\"true\" name=\"Default Paragraph Font\" />   <w:lsdexception locked=\"false\" semihidden=\"true\" unhidewhenused=\"true\" name=\"Body Text\" />   <w:lsdexception locked=\"false\" semihidden=\"true\" unhidewhenused=\"true\" name=\"Body Text Indent\" />   <w:lsdexception locked=\"false\" semihidden=\"true\" unhidewhenused=\"true\" name=\"List Continue\" />   <w:lsdexception locked=\"false\" semihidden=\"true\" unhidewhenused=\"true\" name=\"List Continue 2\" />   <w:lsdexception locked=\"false\" semihidden=\"true\" unhidewhenused=\"true\" name=\"List Continue 3\" />   <w:lsdexception locked=\"false\" semihidden=\"true\" unhidewhenused=\"true\" name=\"List Continue 4\" />   <w:lsdexception locked=\"false\" semihidden=\"true\" unhidewhenused=\"true\" name=\"List Continue 5\" />   <w:lsdexception locked=\"false\" semihidden=\"true\" unhidewhenused=\"true\" name=\"Message Header\" />   <w:lsdexception locked=\"false\" priority=\"11\" qformat=\"true\" name=\"Subtitle\" />   <w:lsdexception locked=\"false\" semihidden=\"true\" unhidewhenused=\"true\" name=\"Salutation\" />   <w:lsdexception locked=\"false\" semihidden=\"true\" unhidewhenused=\"true\" name=\"Date\" />   <w:lsdexception locked=\"false\" semihidden=\"true\" unhidewhenused=\"true\" name=\"Body Text First Indent\" />   <w:lsdexception locked=\"false\" semihidden=\"true\" unhidewhenused=\"true\" name=\"Body Text First Indent 2\" />   <w:lsdexception locked=\"false\" semihidden=\"true\" unhidewhenused=\"true\" name=\"Note Heading\" />   <w:lsdexception locked=\"false\" semihidden=\"true\" unhidewhenused=\"true\" name=\"Body Text 2\" />   <w:lsdexception locked=\"false\" semihidden=\"true\" unhidewhenused=\"true\" name=\"Body Text 3\" />   <w:lsdexception locked=\"false\" semihidden=\"true\" unhidewhenused=\"true\" name=\"Body Text Indent 2\" />   <w:lsdexception locked=\"false\" semihidden=\"true\" unhidewhenused=\"true\" name=\"Body Text Indent 3\" />   <w:lsdexception locked=\"false\" semihidden=\"true\" unhidewhenused=\"true\" name=\"Block Text\" />   <w:lsdexception locked=\"false\" semihidden=\"true\" unhidewhenused=\"true\" name=\"Hyperlink\" />   <w:lsdexception locked=\"false\" semihidden=\"true\" unhidewhenused=\"true\" name=\"FollowedHyperlink\" />   <w:lsdexception locked=\"false\" priority=\"22\" qformat=\"true\" name=\"Strong\" />   <w:lsdexception locked=\"false\" priority=\"20\" qformat=\"true\" name=\"Emphasis\" />   <w:lsdexception locked=\"false\" semihidden=\"true\" unhidewhenused=\"true\" name=\"Document Map\" />   <w:lsdexception locked=\"false\" semihidden=\"true\" unhidewhenused=\"true\" name=\"Plain Text\" />   <w:lsdexception locked=\"false\" semihidden=\"true\" unhidewhenused=\"true\" name=\"E-mail Signature\" />   <w:lsdexception locked=\"false\" semihidden=\"true\" unhidewhenused=\"true\" name=\"HTML Top of Form\" />   <w:lsdexception locked=\"false\" semihidden=\"true\" unhidewhenused=\"true\" name=\"HTML Bottom of Form\" />   <w:lsdexception locked=\"false\" semihidden=\"true\" unhidewhenused=\"true\" name=\"Normal (Web)\" />   <w:lsdexception locked=\"false\" semihidden=\"true\" unhidewhenused=\"true\" name=\"HTML Acronym\" />   <w:lsdexception locked=\"false\" semihidden=\"true\" unhidewhenused=\"true\" name=\"HTML Address\" />   <w:lsdexception locked=\"false\" semihidden=\"true\" unhidewhenused=\"true\" name=\"HTML Cite\" />   <w:lsdexception locked=\"false\" semihidden=\"true\" unhidewhenused=\"true\" name=\"HTML Code\" />   <w:lsdexception locked=\"false\" semihidden=\"true\" unhidewhenused=\"true\" name=\"HTML Definition\" />   <w:lsdexception locked=\"false\" semihidden=\"true\" unhidewhenused=\"true\" name=\"HTML Keyboard\" />   <w:lsdexception locked=\"false\" semihidden=\"true\" unhidewhenused=\"true\" name=\"HTML Preformatted\" />   <w:lsdexception locked=\"false\" semihidden=\"true\" unhidewhenused=\"true\" name=\"HTML Sample\" />   <w:lsdexception locked=\"false\" semihidden=\"true\" unhidewhenused=\"true\" name=\"HTML Typewriter\" />   <w:lsdexception locked=\"false\" semihidden=\"true\" unhidewhenused=\"true\" name=\"HTML Variable\" />   <w:lsdexception locked=\"false\" semihidden=\"true\" unhidewhenused=\"true\" name=\"Normal Table\" />   <w:lsdexception locked=\"false\" semihidden=\"true\" unhidewhenused=\"true\" name=\"annotation subject\" />   <w:lsdexception locked=\"false\" semihidden=\"true\" unhidewhenused=\"true\" name=\"No List\" />   <w:lsdexception locked=\"false\" semihidden=\"true\" unhidewhenused=\"true\" name=\"Outline List 1\" />   <w:lsdexception locked=\"false\" semihidden=\"true\" unhidewhenused=\"true\" name=\"Outline List 2\" />   <w:lsdexception locked=\"false\" semihidden=\"true\" unhidewhenused=\"true\" name=\"Outline List 3\" />   <w:lsdexception locked=\"false\" semihidden=\"true\" unhidewhenused=\"true\" name=\"Table Simple 1\" />   <w:lsdexception locked=\"false\" semihidden=\"true\" unhidewhenused=\"true\" name=\"Table Simple 2\" />   <w:lsdexception locked=\"false\" semihidden=\"true\" unhidewhenused=\"true\" name=\"Table Simple 3\" />   <w:lsdexception locked=\"false\" semihidden=\"true\" unhidewhenused=\"true\" name=\"Table Classic 1\" />   <w:lsdexception locked=\"false\" semihidden=\"true\" unhidewhenused=\"true\" name=\"Table Classic 2\" />   <w:lsdexception locked=\"false\" semihidden=\"true\" unhidewhenused=\"true\" name=\"Table Classic 3\" />   <w:lsdexception locked=\"false\" semihidden=\"true\" unhidewhenused=\"true\" name=\"Table Classic 4\" />   <w:lsdexception locked=\"false\" semihidden=\"true\" unhidewhenused=\"true\" name=\"Table Colorful 1\" />   <w:lsdexception locked=\"false\" semihidden=\"true\" unhidewhenused=\"true\" name=\"Table Colorful 2\" />   <w:lsdexception locked=\"false\" semihidden=\"true\" unhidewhenused=\"true\" name=\"Table Colorful 3\" />   <w:lsdexception locked=\"false\" semihidden=\"true\" unhidewhenused=\"true\" name=\"Table Columns 1\" />   <w:lsdexception locked=\"false\" semihidden=\"true\" unhidewhenused=\"true\" name=\"Table Columns 2\" />   <w:lsdexception locked=\"false\" semihidden=\"true\" unhidewhenused=\"true\" name=\"Table Columns 3\" />   <w:lsdexception locked=\"false\" semihidden=\"true\" unhidewhenused=\"true\" name=\"Table Columns 4\" />   <w:lsdexception locked=\"false\" semihidden=\"true\" unhidewhenused=\"true\" name=\"Table Columns 5\" />   <w:lsdexception locked=\"false\" semihidden=\"true\" unhidewhenused=\"true\" name=\"Table Grid 1\" />   <w:lsdexception locked=\"false\" semihidden=\"true\" unhidewhenused=\"true\" name=\"Table Grid 2\" />   <w:lsdexception locked=\"false\" semihidden=\"true\" unhidewhenused=\"true\" name=\"Table Grid 3\" />   <w:lsdexception locked=\"false\" semihidden=\"true\" unhidewhenused=\"true\" name=\"Table Grid 4\" />   <w:lsdexception locked=\"false\" semihidden=\"true\" unhidewhenused=\"true\" name=\"Table Grid 5\" />   <w:lsdexception locked=\"false\" semihidden=\"true\" unhidewhenused=\"true\" name=\"Table Grid 6\" />   <w:lsdexception locked=\"false\" semihidden=\"true\" unhidewhenused=\"true\" name=\"Table Grid 7\" />   <w:lsdexception locked=\"false\" semihidden=\"true\" unhidewhenused=\"true\" name=\"Table Grid 8\" />   <w:lsdexception locked=\"false\" semihidden=\"true\" unhidewhenused=\"true\" name=\"Table List 1\" />   <w:lsdexception locked=\"false\" semihidden=\"true\" unhidewhenused=\"true\" name=\"Table List 2\" />   <w:lsdexception locked=\"false\" semihidden=\"true\" unhidewhenused=\"true\" name=\"Table List 3\" />   <w:lsdexception locked=\"false\" semihidden=\"true\" unhidewhenused=\"true\" name=\"Table List 4\" />   <w:lsdexception locked=\"false\" semihidden=\"true\" unhidewhenused=\"true\" name=\"Table List 5\" />   <w:lsdexception locked=\"false\" semihidden=\"true\" unhidewhenused=\"true\" name=\"Table List 6\" />   <w:lsdexception locked=\"false\" semihidden=\"true\" unhidewhenused=\"true\" name=\"Table List 7\" />   <w:lsdexception locked=\"false\" semihidden=\"true\" unhidewhenused=\"true\" name=\"Table List 8\" />   <w:lsdexception locked=\"false\" semihidden=\"true\" unhidewhenused=\"true\" name=\"Table 3D effects 1\" />   <w:lsdexception locked=\"false\" semihidden=\"true\" unhidewhenused=\"true\" name=\"Table 3D effects 2\" />   <w:lsdexception locked=\"false\" semihidden=\"true\" unhidewhenused=\"true\" name=\"Table 3D effects 3\" />   <w:lsdexception locked=\"false\" semihidden=\"true\" unhidewhenused=\"true\" name=\"Table Contemporary\" />   <w:lsdexception locked=\"false\" semihidden=\"true\" unhidewhenused=\"true\" name=\"Table Elegant\" />   <w:lsdexception locked=\"false\" semihidden=\"true\" unhidewhenused=\"true\" name=\"Table Professional\" />   <w:lsdexception locked=\"false\" semihidden=\"true\" unhidewhenused=\"true\" name=\"Table Subtle 1\" />   <w:lsdexception locked=\"false\" semihidden=\"true\" unhidewhenused=\"true\" name=\"Table Subtle 2\" />   <w:lsdexception locked=\"false\" semihidden=\"true\" unhidewhenused=\"true\" name=\"Table Web 1\" />   <w:lsdexception locked=\"false\" semihidden=\"true\" unhidewhenused=\"true\" name=\"Table Web 2\" />   <w:lsdexception locked=\"false\" semihidden=\"true\" unhidewhenused=\"true\" name=\"Table Web 3\" />   <w:lsdexception locked=\"false\" semihidden=\"true\" unhidewhenused=\"true\" name=\"Balloon Text\" />   <w:lsdexception locked=\"false\" priority=\"39\" name=\"Table Grid\" />   <w:lsdexception locked=\"false\" semihidden=\"true\" unhidewhenused=\"true\" name=\"Table Theme\" />   <w:lsdexception locked=\"false\" semihidden=\"true\" name=\"Placeholder Text\" />   <w:lsdexception locked=\"false\" priority=\"1\" qformat=\"true\" name=\"No Spacing\" />   <w:lsdexception locked=\"false\" priority=\"60\" name=\"Light Shading\" />   <w:lsdexception locked=\"false\" priority=\"61\" name=\"Light List\" />   <w:lsdexception locked=\"false\" priority=\"62\" name=\"Light Grid\" />   <w:lsdexception locked=\"false\" priority=\"63\" name=\"Medium Shading 1\" />   <w:lsdexception locked=\"false\" priority=\"64\" name=\"Medium Shading 2\" />   <w:lsdexception locked=\"false\" priority=\"65\" name=\"Medium List 1\" />   <w:lsdexception locked=\"false\" priority=\"66\" name=\"Medium List 2\" />   <w:lsdexception locked=\"false\" priority=\"67\" name=\"Medium Grid 1\" />   <w:lsdexception locked=\"false\" priority=\"68\" name=\"Medium Grid 2\" />   <w:lsdexception locked=\"false\" priority=\"69\" name=\"Medium Grid 3\" />   <w:lsdexception locked=\"false\" priority=\"70\" name=\"Dark List\" />   <w:lsdexception locked=\"false\" priority=\"71\" name=\"Colorful Shading\" />   <w:lsdexception locked=\"false\" priority=\"72\" name=\"Colorful List\" />   <w:lsdexception locked=\"false\" priority=\"73\" name=\"Colorful Grid\" />   <w:lsdexception locked=\"false\" priority=\"60\" name=\"Light Shading Accent 1\" />   <w:lsdexception locked=\"false\" priority=\"61\" name=\"Light List Accent 1\" />   <w:lsdexception locked=\"false\" priority=\"62\" name=\"Light Grid Accent 1\" />   <w:lsdexception locked=\"false\" priority=\"63\" name=\"Medium Shading 1 Accent 1\" />   <w:lsdexception locked=\"false\" priority=\"64\" name=\"Medium Shading 2 Accent 1\" />   <w:lsdexception locked=\"false\" priority=\"65\" name=\"Medium List 1 Accent 1\" />   <w:lsdexception locked=\"false\" semihidden=\"true\" name=\"Revision\" />   <w:lsdexception locked=\"false\" priority=\"34\" qformat=\"true\" name=\"List Paragraph\" />   <w:lsdexception locked=\"false\" priority=\"29\" qformat=\"true\" name=\"Quote\" />   <w:lsdexception locked=\"false\" priority=\"30\" qformat=\"true\" name=\"Intense Quote\" />   <w:lsdexception locked=\"false\" priority=\"66\" name=\"Medium List 2 Accent 1\" />   <w:lsdexception locked=\"false\" priority=\"67\" name=\"Medium Grid 1 Accent 1\" />   <w:lsdexception locked=\"false\" priority=\"68\" name=\"Medium Grid 2 Accent 1\" />   <w:lsdexception locked=\"false\" priority=\"69\" name=\"Medium Grid 3 Accent 1\" />   <w:lsdexception locked=\"false\" priority=\"70\" name=\"Dark List Accent 1\" />   <w:lsdexception locked=\"false\" priority=\"71\" name=\"Colorful Shading Accent 1\" />   <w:lsdexception locked=\"false\" priority=\"72\" name=\"Colorful List Accent 1\" />   <w:lsdexception locked=\"false\" priority=\"73\" name=\"Colorful Grid Accent 1\" />   <w:lsdexception locked=\"false\" priority=\"60\" name=\"Light Shading Accent 2\" />   <w:lsdexception locked=\"false\" priority=\"61\" name=\"Light List Accent 2\" />   <w:lsdexception locked=\"false\" priority=\"62\" name=\"Light Grid Accent 2\" />   <w:lsdexception locked=\"false\" priority=\"63\" name=\"Medium Shading 1 Accent 2\" />   <w:lsdexception locked=\"false\" priority=\"64\" name=\"Medium Shading 2 Accent 2\" />   <w:lsdexception locked=\"false\" priority=\"65\" name=\"Medium List 1 Accent 2\" />   <w:lsdexception locked=\"false\" priority=\"66\" name=\"Medium List 2 Accent 2\" />   <w:lsdexception locked=\"false\" priority=\"67\" name=\"Medium Grid 1 Accent 2\" />   <w:lsdexception locked=\"false\" priority=\"68\" name=\"Medium Grid 2 Accent 2\" />   <w:lsdexception locked=\"false\" priority=\"69\" name=\"Medium Grid 3 Accent 2\" />   <w:lsdexception locked=\"false\" priority=\"70\" name=\"Dark List Accent 2\" />   <w:lsdexception locked=\"false\" priority=\"71\" name=\"Colorful Shading Accent 2\" />   <w:lsdexception locked=\"false\" priority=\"72\" name=\"Colorful List Accent 2\" />   <w:lsdexception locked=\"false\" priority=\"73\" name=\"Colorful Grid Accent 2\" />   <w:lsdexception locked=\"false\" priority=\"60\" name=\"Light Shading Accent 3\" />   <w:lsdexception locked=\"false\" priority=\"61\" name=\"Light List Accent 3\" />   <w:lsdexception locked=\"false\" priority=\"62\" name=\"Light Grid Accent 3\" />   <w:lsdexception locked=\"false\" priority=\"63\" name=\"Medium Shading 1 Accent 3\" />   <w:lsdexception locked=\"false\" priority=\"64\" name=\"Medium Shading 2 Accent 3\" />   <w:lsdexception locked=\"false\" priority=\"65\" name=\"Medium List 1 Accent 3\" />   <w:lsdexception locked=\"false\" priority=\"66\" name=\"Medium List 2 Accent 3\" />   <w:lsdexception locked=\"false\" priority=\"67\" name=\"Medium Grid 1 Accent 3\" />   <w:lsdexception locked=\"false\" priority=\"68\" name=\"Medium Grid 2 Accent 3\" />   <w:lsdexception locked=\"false\" priority=\"69\" name=\"Medium Grid 3 Accent 3\" />   <w:lsdexception locked=\"false\" priority=\"70\" name=\"Dark List Accent 3\" />   <w:lsdexception locked=\"false\" priority=\"71\" name=\"Colorful Shading Accent 3\" />   <w:lsdexception locked=\"false\" priority=\"72\" name=\"Colorful List Accent 3\" />   <w:lsdexception locked=\"false\" priority=\"73\" name=\"Colorful Grid Accent 3\" />   <w:lsdexception locked=\"false\" priority=\"60\" name=\"Light Shading Accent 4\" />   <w:lsdexception locked=\"false\" priority=\"61\" name=\"Light List Accent 4\" />   <w:lsdexception locked=\"false\" priority=\"62\" name=\"Light Grid Accent 4\" />   <w:lsdexception locked=\"false\" priority=\"63\" name=\"Medium Shading 1 Accent 4\" />   <w:lsdexception locked=\"false\" priority=\"64\" name=\"Medium Shading 2 Accent 4\" />   <w:lsdexception locked=\"false\" priority=\"65\" name=\"Medium List 1 Accent 4\" />   <w:lsdexception locked=\"false\" priority=\"66\" name=\"Medium List 2 Accent 4\" />   <w:lsdexception locked=\"false\" priority=\"67\" name=\"Medium Grid 1 Accent 4\" />   <w:lsdexception locked=\"false\" priority=\"68\" name=\"Medium Grid 2 Accent 4\" />   <w:lsdexception locked=\"false\" priority=\"69\" name=\"Medium Grid 3 Accent 4\" />   <w:lsdexception locked=\"false\" priority=\"70\" name=\"Dark List Accent 4\" />   <w:lsdexception locked=\"false\" priority=\"71\" name=\"Colorful Shading Accent 4\" />   <w:lsdexception locked=\"false\" priority=\"72\" name=\"Colorful List Accent 4\" />   <w:lsdexception locked=\"false\" priority=\"73\" name=\"Colorful Grid Accent 4\" />   <w:lsdexception locked=\"false\" priority=\"60\" name=\"Light Shading Accent 5\" />   <w:lsdexception locked=\"false\" priority=\"61\" name=\"Light List Accent 5\" />   <w:lsdexception locked=\"false\" priority=\"62\" name=\"Light Grid Accent 5\" />   <w:lsdexception locked=\"false\" priority=\"63\" name=\"Medium Shading 1 Accent 5\" />   <w:lsdexception locked=\"false\" priority=\"64\" name=\"Medium Shading 2 Accent 5\" />   <w:lsdexception locked=\"false\" priority=\"65\" name=\"Medium List 1 Accent 5\" />   <w:lsdexception locked=\"false\" priority=\"66\" name=\"Medium List 2 Accent 5\" />   <w:lsdexception locked=\"false\" priority=\"67\" name=\"Medium Grid 1 Accent 5\" />   <w:lsdexception locked=\"false\" priority=\"68\" name=\"Medium Grid 2 Accent 5\" />   <w:lsdexception locked=\"false\" priority=\"69\" name=\"Medium Grid 3 Accent 5\" />   <w:lsdexception locked=\"false\" priority=\"70\" name=\"Dark List Accent 5\" />   <w:lsdexception locked=\"false\" priority=\"71\" name=\"Colorful Shading Accent 5\" />   <w:lsdexception locked=\"false\" priority=\"72\" name=\"Colorful List Accent 5\" />   <w:lsdexception locked=\"false\" priority=\"73\" name=\"Colorful Grid Accent 5\" />   <w:lsdexception locked=\"false\" priority=\"60\" name=\"Light Shading Accent 6\" />   <w:lsdexception locked=\"false\" priority=\"61\" name=\"Light List Accent 6\" />   <w:lsdexception locked=\"false\" priority=\"62\" name=\"Light Grid Accent 6\" />   <w:lsdexception locked=\"false\" priority=\"63\" name=\"Medium Shading 1 Accent 6\" />   <w:lsdexception locked=\"false\" priority=\"64\" name=\"Medium Shading 2 Accent 6\" />   <w:lsdexception locked=\"false\" priority=\"65\" name=\"Medium List 1 Accent 6\" />   <w:lsdexception locked=\"false\" priority=\"66\" name=\"Medium List 2 Accent 6\" />   <w:lsdexception locked=\"false\" priority=\"67\" name=\"Medium Grid 1 Accent 6\" />   <w:lsdexception locked=\"false\" priority=\"68\" name=\"Medium Grid 2 Accent 6\" />   <w:lsdexception locked=\"false\" priority=\"69\" name=\"Medium Grid 3 Accent 6\" />   <w:lsdexception locked=\"false\" priority=\"70\" name=\"Dark List Accent 6\" />   <w:lsdexception locked=\"false\" priority=\"71\" name=\"Colorful Shading Accent 6\" />   <w:lsdexception locked=\"false\" priority=\"72\" name=\"Colorful List Accent 6\" />   <w:lsdexception locked=\"false\" priority=\"73\" name=\"Colorful Grid Accent 6\" />   <w:lsdexception locked=\"false\" priority=\"19\" qformat=\"true\" name=\"Subtle Emphasis\" />   <w:lsdexception locked=\"false\" priority=\"21\" qformat=\"true\" name=\"Intense Emphasis\" />   <w:lsdexception locked=\"false\" priority=\"31\" qformat=\"true\" name=\"Subtle Reference\" />   <w:lsdexception locked=\"false\" priority=\"32\" qformat=\"true\" name=\"Intense Reference\" />   <w:lsdexception locked=\"false\" priority=\"33\" qformat=\"true\" name=\"Book Title\" />   <w:lsdexception locked=\"false\" priority=\"37\" semihidden=\"true\" unhidewhenused=\"true\" name=\"Bibliography\" />   <w:lsdexception locked=\"false\" priority=\"39\" semihidden=\"true\" unhidewhenused=\"true\" qformat=\"true\" name=\"TOC Heading\" />   <w:lsdexception locked=\"false\" priority=\"41\" name=\"Plain Table 1\" />   <w:lsdexception locked=\"false\" priority=\"42\" name=\"Plain Table 2\" />   <w:lsdexception locked=\"false\" priority=\"43\" name=\"Plain Table 3\" />   <w:lsdexception locked=\"false\" priority=\"44\" name=\"Plain Table 4\" />   <w:lsdexception locked=\"false\" priority=\"45\" name=\"Plain Table 5\" />   <w:lsdexception locked=\"false\" priority=\"40\" name=\"Grid Table Light\" />   <w:lsdexception locked=\"false\" priority=\"46\" name=\"Grid Table 1 Light\" />   <w:lsdexception locked=\"false\" priority=\"47\" name=\"Grid Table 2\" />   <w:lsdexception locked=\"false\" priority=\"48\" name=\"Grid Table 3\" />   <w:lsdexception locked=\"false\" priority=\"49\" name=\"Grid Table 4\" />   <w:lsdexception locked=\"false\" priority=\"50\" name=\"Grid Table 5 Dark\" />   <w:lsdexception locked=\"false\" priority=\"51\" name=\"Grid Table 6 Colorful\" />   <w:lsdexception locked=\"false\" priority=\"52\" name=\"Grid Table 7 Colorful\" />   <w:lsdexception locked=\"false\" priority=\"46\" name=\"Grid Table 1 Light Accent 1\" />   <w:lsdexception locked=\"false\" priority=\"47\" name=\"Grid Table 2 Accent 1\" />   <w:lsdexception locked=\"false\" priority=\"48\" name=\"Grid Table 3 Accent 1\" />   <w:lsdexception locked=\"false\" priority=\"49\" name=\"Grid Table 4 Accent 1\" />   <w:lsdexception locked=\"false\" priority=\"50\" name=\"Grid Table 5 Dark Accent 1\" />   <w:lsdexception locked=\"false\" priority=\"51\" name=\"Grid Table 6 Colorful Accent 1\" />   <w:lsdexception locked=\"false\" priority=\"52\" name=\"Grid Table 7 Colorful Accent 1\" />   <w:lsdexception locked=\"false\" priority=\"46\" name=\"Grid Table 1 Light Accent 2\" />   <w:lsdexception locked=\"false\" priority=\"47\" name=\"Grid Table 2 Accent 2\" />   <w:lsdexception locked=\"false\" priority=\"48\" name=\"Grid Table 3 Accent 2\" />   <w:lsdexception locked=\"false\" priority=\"49\" name=\"Grid Table 4 Accent 2\" />   <w:lsdexception locked=\"false\" priority=\"50\" name=\"Grid Table 5 Dark Accent 2\" />   <w:lsdexception locked=\"false\" priority=\"51\" name=\"Grid Table 6 Colorful Accent 2\" />   <w:lsdexception locked=\"false\" priority=\"52\" name=\"Grid Table 7 Colorful Accent 2\" />   <w:lsdexception locked=\"false\" priority=\"46\" name=\"Grid Table 1 Light Accent 3\" />   <w:lsdexception locked=\"false\" priority=\"47\" name=\"Grid Table 2 Accent 3\" />   <w:lsdexception locked=\"false\" priority=\"48\" name=\"Grid Table 3 Accent 3\" />   <w:lsdexception locked=\"false\" priority=\"49\" name=\"Grid Table 4 Accent 3\" />   <w:lsdexception locked=\"false\" priority=\"50\" name=\"Grid Table 5 Dark Accent 3\" />   <w:lsdexception locked=\"false\" priority=\"51\" name=\"Grid Table 6 Colorful Accent 3\" />   <w:lsdexception locked=\"false\" priority=\"52\" name=\"Grid Table 7 Colorful Accent 3\" />   <w:lsdexception locked=\"false\" priority=\"46\" name=\"Grid Table 1 Light Accent 4\" />   <w:lsdexception locked=\"false\" priority=\"47\" name=\"Grid Table 2 Accent 4\" />   <w:lsdexception locked=\"false\" priority=\"48\" name=\"Grid Table 3 Accent 4\" />   <w:lsdexception locked=\"false\" priority=\"49\" name=\"Grid Table 4 Accent 4\" />   <w:lsdexception locked=\"false\" priority=\"50\" name=\"Grid Table 5 Dark Accent 4\" />   <w:lsdexception locked=\"false\" priority=\"51\" name=\"Grid Table 6 Colorful Accent 4\" />   <w:lsdexception locked=\"false\" priority=\"52\" name=\"Grid Table 7 Colorful Accent 4\" />   <w:lsdexception locked=\"false\" priority=\"46\" name=\"Grid Table 1 Light Accent 5\" />   <w:lsdexception locked=\"false\" priority=\"47\" name=\"Grid Table 2 Accent 5\" />   <w:lsdexception locked=\"false\" priority=\"48\" name=\"Grid Table 3 Accent 5\" />   <w:lsdexception locked=\"false\" priority=\"49\" name=\"Grid Table 4 Accent 5\" />   <w:lsdexception locked=\"false\" priority=\"50\" name=\"Grid Table 5 Dark Accent 5\" />   <w:lsdexception locked=\"false\" priority=\"51\" name=\"Grid Table 6 Colorful Accent 5\" />   <w:lsdexception locked=\"false\" priority=\"52\" name=\"Grid Table 7 Colorful Accent 5\" />   <w:lsdexception locked=\"false\" priority=\"46\" name=\"Grid Table 1 Light Accent 6\" />   <w:lsdexception locked=\"false\" priority=\"47\" name=\"Grid Table 2 Accent 6\" />   <w:lsdexception locked=\"false\" priority=\"48\" name=\"Grid Table 3 Accent 6\" />   <w:lsdexception locked=\"false\" priority=\"49\" name=\"Grid Table 4 Accent 6\" />   <w:lsdexception locked=\"false\" priority=\"50\" name=\"Grid Table 5 Dark Accent 6\" />   <w:lsdexception locked=\"false\" priority=\"51\" name=\"Grid Table 6 Colorful Accent 6\" />   <w:lsdexception locked=\"false\" priority=\"52\" name=\"Grid Table 7 Colorful Accent 6\" />   <w:lsdexception locked=\"false\" priority=\"46\" name=\"List Table 1 Light\" />   <w:lsdexception locked=\"false\" priority=\"47\" name=\"List Table 2\" />   <w:lsdexception locked=\"false\" priority=\"48\" name=\"List Table 3\" />   <w:lsdexception locked=\"false\" priority=\"49\" name=\"List Table 4\" />   <w:lsdexception locked=\"false\" priority=\"50\" name=\"List Table 5 Dark\" />   <w:lsdexception locked=\"false\" priority=\"51\" name=\"List Table 6 Colorful\" />   <w:lsdexception locked=\"false\" priority=\"52\" name=\"List Table 7 Colorful\" />   <w:lsdexception locked=\"false\" priority=\"46\" name=\"List Table 1 Light Accent 1\" />   <w:lsdexception locked=\"false\" priority=\"47\" name=\"List Table 2 Accent 1\" />   <w:lsdexception locked=\"false\" priority=\"48\" name=\"List Table 3 Accent 1\" />   <w:lsdexception locked=\"false\" priority=\"49\" name=\"List Table 4 Accent 1\" />   <w:lsdexception locked=\"false\" priority=\"50\" name=\"List Table 5 Dark Accent 1\" />   <w:lsdexception locked=\"false\" priority=\"51\" name=\"List Table 6 Colorful Accent 1\" />   <w:lsdexception locked=\"false\" priority=\"52\" name=\"List Table 7 Colorful Accent 1\" />   <w:lsdexception locked=\"false\" priority=\"46\" name=\"List Table 1 Light Accent 2\" />   <w:lsdexception locked=\"false\" priority=\"47\" name=\"List Table 2 Accent 2\" />   <w:lsdexception locked=\"false\" priority=\"48\" name=\"List Table 3 Accent 2\" />   <w:lsdexception locked=\"false\" priority=\"49\" name=\"List Table 4 Accent 2\" />   <w:lsdexception locked=\"false\" priority=\"50\" name=\"List Table 5 Dark Accent 2\" />   <w:lsdexception locked=\"false\" priority=\"51\" name=\"List Table 6 Colorful Accent 2\" />   <w:lsdexception locked=\"false\" priority=\"52\" name=\"List Table 7 Colorful Accent 2\" />   <w:lsdexception locked=\"false\" priority=\"46\" name=\"List Table 1 Light Accent 3\" />   <w:lsdexception locked=\"false\" priority=\"47\" name=\"List Table 2 Accent 3\" />   <w:lsdexception locked=\"false\" priority=\"48\" name=\"List Table 3 Accent 3\" />   <w:lsdexception locked=\"false\" priority=\"49\" name=\"List Table 4 Accent 3\" />   <w:lsdexception locked=\"false\" priority=\"50\" name=\"List Table 5 Dark Accent 3\" />   <w:lsdexception locked=\"false\" priority=\"51\" name=\"List Table 6 Colorful Accent 3\" />   <w:lsdexception locked=\"false\" priority=\"52\" name=\"List Table 7 Colorful Accent 3\" />   <w:lsdexception locked=\"false\" priority=\"46\" name=\"List Table 1 Light Accent 4\" />   <w:lsdexception locked=\"false\" priority=\"47\" name=\"List Table 2 Accent 4\" />   <w:lsdexception locked=\"false\" priority=\"48\" name=\"List Table 3 Accent 4\" />   <w:lsdexception locked=\"false\" priority=\"49\" name=\"List Table 4 Accent 4\" />   <w:lsdexception locked=\"false\" priority=\"50\" name=\"List Table 5 Dark Accent 4\" />   <w:lsdexception locked=\"false\" priority=\"51\" name=\"List Table 6 Colorful Accent 4\" />   <w:lsdexception locked=\"false\" priority=\"52\" name=\"List Table 7 Colorful Accent 4\" />   <w:lsdexception locked=\"false\" priority=\"46\" name=\"List Table 1 Light Accent 5\" />   <w:lsdexception locked=\"false\" priority=\"47\" name=\"List Table 2 Accent 5\" />   <w:lsdexception locked=\"false\" priority=\"48\" name=\"List Table 3 Accent 5\" />   <w:lsdexception locked=\"false\" priority=\"49\" name=\"List Table 4 Accent 5\" />   <w:lsdexception locked=\"false\" priority=\"50\" name=\"List Table 5 Dark Accent 5\" />   <w:lsdexception locked=\"false\" priority=\"51\" name=\"List Table 6 Colorful Accent 5\" />   <w:lsdexception locked=\"false\" priority=\"52\" name=\"List Table 7 Colorful Accent 5\" />   <w:lsdexception locked=\"false\" priority=\"46\" name=\"List Table 1 Light Accent 6\" />   <w:lsdexception locked=\"false\" priority=\"47\" name=\"List Table 2 Accent 6\" />   <w:lsdexception locked=\"false\" priority=\"48\" name=\"List Table 3 Accent 6\" />   <w:lsdexception locked=\"false\" priority=\"49\" name=\"List Table 4 Accent 6\" />   <w:lsdexception locked=\"false\" priority=\"50\" name=\"List Table 5 Dark Accent 6\" />   <w:lsdexception locked=\"false\" priority=\"51\" name=\"List Table 6 Colorful Accent 6\" />   <w:lsdexception locked=\"false\" priority=\"52\" name=\"List Table 7 Colorful Accent 6\" />  </w:latentstyles> </xml><![endif]--><!--[if gte mso 10]>\r\n<style>\r\n /* Style Definitions */\r\n table.MsoNormalTable\r\n	{mso-style-name:普通表格;\r\n	mso-tstyle-rowband-size:0;\r\n	mso-tstyle-colband-size:0;\r\n	mso-style-noshow:yes;\r\n	mso-style-priority:99;\r\n	mso-style-parent:\"\";\r\n	mso-padding-alt:0cm 5.4pt 0cm 5.4pt;\r\n	mso-para-margin:0cm;\r\n	mso-para-margin-bottom:.0001pt;\r\n	mso-pagination:widow-orphan;\r\n	font-size:10.0pt;\r\n	font-family:\"Times New Roman\",serif;}\r\n</style>\r\n<![endif]-->', '', '1');
INSERT INTO `my_arclist` VALUES ('28', '8', '0', 'Reasonable use of Acesulfame K does not cause harm to human health', '', '', 'Food and Drug Administration:reasonable use of acesulfame does not cause harm to human health\r\nRecently, food safety inspection found that some products of preserved fruits such as plum and Crisp Plum detected acesulfame.So,what exactly is acesulfame? What is the impact on human health? A few days ago, Food and Drug Administration organized experts to interpret acesulfame.', '', '0.00', '0.00', '0.00', '0.00', '', '', '/uploads/154218543262001.png', '', '', '', '', '<div>Food and Drug Administration:reasonable use of Acesulfame K does not cause harm to human health</div>\r\n<div>Recently, food safety inspection found that some products of preserved fruits such as plum and Crisp Plum detected Acesulfame K.So,what exactly is Acesulfame K? What is the impact on human health? A few days ago, Food and Drug Administration organized experts to interpret Acesulfame K.</div>\r\n<div>1.Acesulfame K is one of the most stable sweeteners in the world.</div>\r\n<div>2.Acesulfame K is widely used in the food industry.</div>\r\n<div>3.According to the standard, the reasonable use of Acesulfame K does not cause harm to human health,relevant food production enterprises should strictly abide by the requirements of GB2760,and reduce the use of Acesulfame K in food as much as possible under the premise of achieving the expected results,and should not be used beyond the scope and exceeding the limit.&nbsp;</div>\r\n<div><br />\r\n</div>\r\n<div><img src=\"/uploads/20181114/20181114165003_41353.png\" alt=\"\" width=\"100%\" /><br />\r\n</div>', '1', '1', '0', '0', '0', '0', '1', '1542185432', '1542610662', '', '', 'Yabangtech', '5');
INSERT INTO `my_arclist` VALUES ('29', '8', '0', 'Acesulfame potassium More Effective At Weight Loss Than Water', '', '', 'Low calorie sweetened drinks are more effective at weight loss and maintenance than water. This was found by a year-long trial by Peters et. following 303 overweight and obese people, who undertook 12 weeks of active weight loss and 40 weeks of weight maintenance.', '', '0.00', '0.00', '0.00', '0.00', '', '', '/uploads/154218569449381.jpg', '', '', '', '', '<div>Low calorie sweetened drinks are more effective at weight loss and maintenance than water. This was found by a year-long trial by Peters et. following 303 overweight and obese people, who undertook 12 weeks of active weight loss and 40 weeks of weight maintenance.</div>\r\n<div>The low calorie sweetener group was asked to consume at least 710 ml of low calorie beverages per day such as acesulfame-K. The water group was asked to consume at least 710 ml of water per day and avoid consumption of all low calorie sweetened drinks. All participants received a cognitive-behavioral weight loss intervention involving weekly 60-min instructional classes.</div>\r\n<div>The low calorie drinks group not only achieved greater weight loss during the first 12 weeks, but also achieved better weight maintenance and a more significant decrease in waist circumference compared to the water group. This study confirms that low calorie sweetened drinks can be an effective tool to help in weight loss and maintenance.</div>\r\n<div><br />\r\n</div>\r\n<div><img src=\"/uploads/20181114/20181114165152_18540.jpg\" alt=\"\" width=\"100%\" /><br />\r\n</div>', '1', '0', '0', '0', '0', '0', '1', '1542185529', '1542610764', '', '', 'Yabangtech', '6');
INSERT INTO `my_arclist` VALUES ('30', '13', '0', 'asdfasdf', '', '', '', '', '0.00', '0.00', '0.00', '0.00', '', '', '', '', '', '', '', '', '1', '0', '0', '0', '0', '0', '1', '1542801201', '0', '', '', '', '0');
INSERT INTO `my_arclist` VALUES ('31', '7', '0', 'asdfasdf', '', '', '', '', '0.00', '0.00', '0.00', '0.00', '', '', '', '', '', '', '', '', '1', '0', '0', '0', '0', '0', '1', '1542801212', '0', '', '', '', '0');
INSERT INTO `my_arclist` VALUES ('32', '9', '0', 'banner', '', '', '', 'http://www.baidu.com', '0.00', '0.00', '0.00', '0.00', '', '', '/uploads/154280152529921.jpg', '', '', '', '', '', '1', '0', '0', '0', '0', '0', '1', '1542801525', '1542801549', '', '', '', '0');
INSERT INTO `my_arclist` VALUES ('33', '9', '0', 'banner2', '', '', '', 'http://www.qq.com', '0.00', '0.00', '0.00', '0.00', '', '', '/uploads/154280159546121.jpg', '', '', '', '', '', '1', '0', '0', '0', '0', '0', '1', '1542801595', '0', '', '<p>&nbsp;</p>\r\n<p>&nbsp;</p>', '', '0');
INSERT INTO `my_arclist` VALUES ('34', '9', '0', 'banner3', '', '', '', 'http://www.youdao.com', '0.00', '0.00', '0.00', '0.00', '', '', '/uploads/154280163166311.jpg', '', '', '', '', '', '1', '0', '0', '0', '0', '0', '1', '1542801631', '0', '', '', '', '0');
INSERT INTO `my_arclist` VALUES ('35', '10', '0', '腾讯网', '', '', '', 'http://www.qq.com', '0.00', '0.00', '0.00', '0.00', '', '', '/uploads/154280152529921.jpg', '', '', '', '', '', '1', '0', '0', '0', '0', '0', '1', '1542802424', '0', '', '', '', '0');
INSERT INTO `my_arclist` VALUES ('36', '10', '0', '新浪网', '', '', '', 'http://www.sina.com', '0.00', '0.00', '0.00', '0.00', '', '', '/uploads/154280159546121.jpg', '', '', '', '', '', '1', '0', '0', '0', '0', '0', '1', '1542802453', '0', '', '', '', '0');
INSERT INTO `my_arclist` VALUES ('37', '10', '0', '百度网', '', '', '', 'http://www.baidu.com', '0.00', '0.00', '0.00', '0.00', '', '', '/uploads/154280163166311.jpg', '', '', '', '', '', '1', '0', '0', '0', '0', '0', '1', '1542802477', '0', '', '', '', '0');

-- ----------------------------
-- Table structure for my_brand
-- ----------------------------
DROP TABLE IF EXISTS `my_brand`;
CREATE TABLE `my_brand` (
  `brand_id` bigint(20) unsigned NOT NULL AUTO_INCREMENT,
  `brand_name` varchar(100) NOT NULL,
  `sort` int(5) NOT NULL,
  PRIMARY KEY (`brand_id`)
) ENGINE=MyISAM AUTO_INCREMENT=7 DEFAULT CHARSET=utf8;

-- ----------------------------
-- Records of my_brand
-- ----------------------------
INSERT INTO `my_brand` VALUES ('1', '香奈儿', '1');
INSERT INTO `my_brand` VALUES ('2', '以纯', '2');
INSERT INTO `my_brand` VALUES ('3', '三星', '3');
INSERT INTO `my_brand` VALUES ('5', '华为', '4');

-- ----------------------------
-- Table structure for my_category
-- ----------------------------
DROP TABLE IF EXISTS `my_category`;
CREATE TABLE `my_category` (
  `catid` bigint(20) unsigned NOT NULL AUTO_INCREMENT,
  `cat_name` varchar(100) NOT NULL,
  `parent` bigint(20) NOT NULL,
  `sort` int(5) NOT NULL DEFAULT '0',
  `context` text,
  `title` varchar(200) DEFAULT '',
  `keywords` varchar(500) DEFAULT '',
  `description` varchar(500) DEFAULT '',
  `image` varchar(200) DEFAULT '',
  `url_name` varchar(200) DEFAULT '',
  `nav` int(5) NOT NULL DEFAULT '0',
  PRIMARY KEY (`catid`)
) ENGINE=MyISAM AUTO_INCREMENT=16 DEFAULT CHARSET=utf8;

-- ----------------------------
-- Records of my_category
-- ----------------------------
INSERT INTO `my_category` VALUES ('1', 'About Us', '0', '0', '<h2 style=\"box-sizing:border-box;margin:0px 0px 10px;padding:0px;border:none;outline:none;text-align:center;font-family:Raleway, sans-serif;line-height:1.2em;color:#25292f;font-size:36px;position:relative;background-image:none;background-position:initial;background-size:initial;background-repeat:initial;background-attachment:initial;background-origin:initial;background-clip:initial;text-transform:uppercase;\">COMPANY INTRODUCTION</h2>\r\n<p style=\"box-sizing:border-box;margin:0px 0px 25px;padding:0px;border:none;outline:none;text-align:center;font-size:15px;color:#9d9d9d;font-family:Roboto, sans-serif;\">\r\n<table style=\"width:100%;\" cellpadding=\"2\" cellspacing=\"0\" class=\"ke-zeroborder\" border=\"0\" bordercolor=\"#000000\"><tbody></tbody>\r\n</table>\r\n</p>\r\n<p class=\"MsoNormal\" style=\"margin-bottom:7.5pt;\"><b><span style=\"font-family:Arial;letter-spacing:0pt;font-size:12pt;\">L</span></b><span style=\"font-family:Arial;letter-spacing:0pt;font-size:10.5pt;\">ocated</span><span style=\"font-family:Arial;letter-spacing:0pt;font-size:13.5pt;\">&nbsp;</span><span style=\"font-family:Arial;letter-spacing:0pt;font-size:10.5pt;\">in Hekou Blue Economic Industrial Park, Hekou district, Dongying city, which is a beautiful central city in the Yellow River delta, Shandong Yabang Chemical Technology Co., Ltd. is a branch company of Huaya Holding Co., Ltd and is a professional high-tech enterprise engaged in the R&amp;D, production and operation of fine and special chemicals. It is constructed of three production units which have yearly outputs of 10,000 tons of acesulfame potassium (acesulfame-K), 10,000 tons of diketene and 10,000 tons of methyl acetoacetate.</span><span style=\"mso-spacerun:\'yes\';font-family:Calibri;mso-fareast-font-family:宋体;mso-bidi-font-family:\'Times New Roman\';font-size:10.5000pt;mso-font-kerning:1.0000pt;\"><o:p></o:p></span></p>\r\n<p class=\"p\" style=\"margin-top:0.0000pt;margin-right:0.0000pt;margin-bottom:7.5000pt;margin-left:0.0000pt;text-indent:0.0000pt;padding:0pt 0pt 0pt 0pt;mso-pagination:widow-orphan;line-height:18.9000pt;\"><span style=\"font-family:Arial;color:#9d9d9d;letter-spacing:0pt;font-size:10.5pt;\">Operating products:&nbsp;</span><span style=\"color:#019490;font-family:Roboto, sans-serif;font-size:14px;font-weight:700;\">Acesulfame potassium (</span><span style=\"box-sizing:border-box;margin:0px;padding:0px;border:none;outline:none;font-family:Roboto, sans-serif;font-size:14px;\"><span style=\"box-sizing:border-box;margin:0px;padding:0px;border:none;outline:none;font-weight:700;\"><span style=\"color:#019490;\">Acesulfame-K / A-K sugar)</span></span></span><span style=\"font-family:Arial;color:#9d9d9d;letter-spacing:0pt;font-size:10.5pt;\">&nbsp;which is a kind of food additive, namely a kind of sugar-free sweetener. Fine chemicals are diketene and methyl acetoacetate. Inorganic chemicals are magnesium sulfate, magnesium sulfate monohydrate and magnesium sulfate heptahydrate.</span><span style=\"font-family:sans-serif;color:#9d9d9d;letter-spacing:0pt;font-size:11pt;\"><o:p></o:p></span></p>\r\n<p class=\"MsoNormal\"><span style=\"font-family:Arial;color:#9d9d9d;letter-spacing:0pt;font-size:10.5pt;\">By taking “Introducing and developing high technology; promoting industrialization development” as our enterprise tenet and following “Integrity, innovation, collaboration and gratitude as our core values, our company stands in the field of fine and special chemicals, striving to become a benchmark enterprise with considerable industry influence both at home and abroad while creating economic and social benefits.</span></p>\r\n<p style=\"box-sizing:border-box;margin:0px 0px 25px;padding:0px;border:none;outline:none;text-align:center;font-size:15px;color:#9d9d9d;font-family:Roboto, sans-serif;\"></p>', 'About Us', '', '', '', 'about', '1');
INSERT INTO `my_category` VALUES ('2', 'PRODUCTS', '0', '0', '', 'PRODUCTS', '', '', '', 'list', '1');
INSERT INTO `my_category` VALUES ('3', 'NEWS', '0', '0', '', 'NEWS', '', '', '', 'news', '1');
INSERT INTO `my_category` VALUES ('4', 'Service', '0', '0', '', 'Service', '', '', '', 'service', '1');
INSERT INTO `my_category` VALUES ('5', 'Contact Us', '0', '0', '', 'Contact Us', '', '', '', 'contact', '1');
INSERT INTO `my_category` VALUES ('6', 'Acesulfame-K', '2', '0', '', 'YEARN SWEET', '', '', '', 'list', '1');
INSERT INTO `my_category` VALUES ('7', 'COMPANY NEWS', '3', '0', '', 'COMPANY NEWS', '', '', '', 'news', '1');
INSERT INTO `my_category` VALUES ('8', 'INDUSTRY NEWS', '3', '0', '', 'INDUSTRY NEWS', '', '', '', 'news', '1');
INSERT INTO `my_category` VALUES ('9', 'banner图片上传', '0', '0', null, 'banner图片上传', '', '', '', 'banner', '0');
INSERT INTO `my_category` VALUES ('10', '友情链接', '0', '0', null, '友情链接', '', '', '', 'link', '0');
INSERT INTO `my_category` VALUES ('13', 'Methyl acetoacetate', '2', '0', '', 'Methyl acetoacetate', '', '', '', 'list', '1');
INSERT INTO `my_category` VALUES ('14', 'Diketene', '2', '0', '', 'Diketene', '', '', '', 'list', '1');
INSERT INTO `my_category` VALUES ('15', 'Magnesium sulfate...', '2', '0', '', 'Magnesium sulfate...', '', '', '', 'list', '1');

-- ----------------------------
-- Table structure for my_home_config
-- ----------------------------
DROP TABLE IF EXISTS `my_home_config`;
CREATE TABLE `my_home_config` (
  `id` bigint(20) unsigned NOT NULL AUTO_INCREMENT,
  `title` varchar(500) DEFAULT '',
  `keywords` varchar(500) DEFAULT '',
  `description` varchar(500) DEFAULT '',
  `logo` varchar(200) DEFAULT NULL,
  `arc_field` varchar(500) DEFAULT NULL,
  PRIMARY KEY (`id`)
) ENGINE=MyISAM AUTO_INCREMENT=2 DEFAULT CHARSET=utf8;

-- ----------------------------
-- Records of my_home_config
-- ----------------------------
INSERT INTO `my_home_config` VALUES ('1', 'Yabang  Acesulfame-K Acesulfame Potassium', 'Yabangtech,Acesulfame-K,Acesulfame,Potassium', '', '/uploads/154091363454301.png', 'image2');

-- ----------------------------
-- Table structure for my_iplog
-- ----------------------------
DROP TABLE IF EXISTS `my_iplog`;
CREATE TABLE `my_iplog` (
  `id` bigint(20) unsigned NOT NULL AUTO_INCREMENT,
  `ip` varchar(50) DEFAULT '',
  `arcid` int(10) NOT NULL DEFAULT '0',
  `day` varchar(50) DEFAULT '',
  PRIMARY KEY (`id`)
) ENGINE=MyISAM AUTO_INCREMENT=336 DEFAULT CHARSET=utf8;

-- ----------------------------
-- Records of my_iplog
-- ----------------------------
INSERT INTO `my_iplog` VALUES ('1', '119.186.177.248', '11', '2018-11-05');
INSERT INTO `my_iplog` VALUES ('2', '218.59.190.2', '12', '2018-11-05');
INSERT INTO `my_iplog` VALUES ('3', '182.33.163.43', '10', '2018-11-05');
INSERT INTO `my_iplog` VALUES ('4', '27.192.160.20', '12', '2018-11-05');
INSERT INTO `my_iplog` VALUES ('5', '27.192.160.20', '16', '2018-11-05');
INSERT INTO `my_iplog` VALUES ('6', '27.192.160.20', '11', '2018-11-05');
INSERT INTO `my_iplog` VALUES ('7', '27.192.160.20', '18', '2018-11-05');
INSERT INTO `my_iplog` VALUES ('8', '27.192.160.20', '10', '2018-11-05');
INSERT INTO `my_iplog` VALUES ('9', '27.192.160.20', '20', '2018-11-05');
INSERT INTO `my_iplog` VALUES ('10', '27.192.160.20', '23', '2018-11-05');
INSERT INTO `my_iplog` VALUES ('11', '27.192.160.20', '13', '2018-11-05');
INSERT INTO `my_iplog` VALUES ('12', '27.192.160.20', '14', '2018-11-05');
INSERT INTO `my_iplog` VALUES ('13', '111.14.236.26', '20', '2018-11-05');
INSERT INTO `my_iplog` VALUES ('14', '111.14.236.26', '23', '2018-11-05');
INSERT INTO `my_iplog` VALUES ('15', '111.14.236.26', '13', '2018-11-05');
INSERT INTO `my_iplog` VALUES ('16', '182.33.163.43', '20', '2018-11-05');
INSERT INTO `my_iplog` VALUES ('17', '111.14.236.26', '22', '2018-11-05');
INSERT INTO `my_iplog` VALUES ('18', '111.14.236.26', '15', '2018-11-05');
INSERT INTO `my_iplog` VALUES ('19', '182.33.163.43', '22', '2018-11-05');
INSERT INTO `my_iplog` VALUES ('20', '182.33.163.43', '15', '2018-11-05');
INSERT INTO `my_iplog` VALUES ('21', '223.78.242.80', '14', '2018-11-05');
INSERT INTO `my_iplog` VALUES ('22', '223.78.241.22', '19', '2018-11-06');
INSERT INTO `my_iplog` VALUES ('23', '223.78.241.22', '24', '2018-11-06');
INSERT INTO `my_iplog` VALUES ('24', '218.59.190.2', '15', '2018-11-06');
INSERT INTO `my_iplog` VALUES ('25', '218.59.190.2', '14', '2018-11-06');
INSERT INTO `my_iplog` VALUES ('26', '218.59.190.2', '13', '2018-11-06');
INSERT INTO `my_iplog` VALUES ('27', '218.59.190.2', '24', '2018-11-06');
INSERT INTO `my_iplog` VALUES ('28', '218.59.190.2', '21', '2018-11-06');
INSERT INTO `my_iplog` VALUES ('29', '218.59.190.2', '12', '2018-11-06');
INSERT INTO `my_iplog` VALUES ('30', '218.59.190.2', '11', '2018-11-06');
INSERT INTO `my_iplog` VALUES ('31', '218.59.190.2', '18', '2018-11-06');
INSERT INTO `my_iplog` VALUES ('32', '27.195.254.26', '15', '2018-11-06');
INSERT INTO `my_iplog` VALUES ('33', '61.151.180.39', '23', '2018-11-06');
INSERT INTO `my_iplog` VALUES ('34', '101.226.226.221', '23', '2018-11-06');
INSERT INTO `my_iplog` VALUES ('35', '27.195.254.26', '14', '2018-11-06');
INSERT INTO `my_iplog` VALUES ('36', '27.195.254.26', '20', '2018-11-06');
INSERT INTO `my_iplog` VALUES ('37', '27.195.254.26', '23', '2018-11-06');
INSERT INTO `my_iplog` VALUES ('38', '27.195.254.26', '10', '2018-11-06');
INSERT INTO `my_iplog` VALUES ('39', '27.195.254.26', '21', '2018-11-06');
INSERT INTO `my_iplog` VALUES ('40', '101.89.29.92', '21', '2018-11-06');
INSERT INTO `my_iplog` VALUES ('41', '27.195.254.26', '24', '2018-11-06');
INSERT INTO `my_iplog` VALUES ('42', '180.163.220.4', '23', '2018-11-06');
INSERT INTO `my_iplog` VALUES ('43', '27.195.254.26', '12', '2018-11-06');
INSERT INTO `my_iplog` VALUES ('44', '27.195.254.26', '11', '2018-11-06');
INSERT INTO `my_iplog` VALUES ('45', '27.195.254.26', '22', '2018-11-06');
INSERT INTO `my_iplog` VALUES ('46', '27.195.254.26', '18', '2018-11-06');
INSERT INTO `my_iplog` VALUES ('47', '27.195.254.26', '19', '2018-11-06');
INSERT INTO `my_iplog` VALUES ('48', '27.195.254.26', '13', '2018-11-06');
INSERT INTO `my_iplog` VALUES ('49', '42.236.10.84', '14', '2018-11-06');
INSERT INTO `my_iplog` VALUES ('50', '27.192.249.232', '23', '2018-11-06');
INSERT INTO `my_iplog` VALUES ('51', '27.192.249.232', '11', '2018-11-06');
INSERT INTO `my_iplog` VALUES ('52', '27.192.249.232', '19', '2018-11-06');
INSERT INTO `my_iplog` VALUES ('53', '27.192.249.232', '15', '2018-11-06');
INSERT INTO `my_iplog` VALUES ('54', '27.192.249.232', '14', '2018-11-06');
INSERT INTO `my_iplog` VALUES ('55', '111.14.237.199', '23', '2018-11-06');
INSERT INTO `my_iplog` VALUES ('56', '111.14.237.199', '11', '2018-11-06');
INSERT INTO `my_iplog` VALUES ('57', '111.14.237.199', '19', '2018-11-06');
INSERT INTO `my_iplog` VALUES ('58', '111.14.237.199', '15', '2018-11-06');
INSERT INTO `my_iplog` VALUES ('59', '111.14.237.199', '24', '2018-11-06');
INSERT INTO `my_iplog` VALUES ('60', '119.186.177.248', '19', '2018-11-06');
INSERT INTO `my_iplog` VALUES ('61', '223.78.241.22', '15', '2018-11-06');
INSERT INTO `my_iplog` VALUES ('62', '183.61.51.52', '24', '2018-11-06');
INSERT INTO `my_iplog` VALUES ('63', '223.78.241.22', '14', '2018-11-06');
INSERT INTO `my_iplog` VALUES ('64', '111.14.237.199', '20', '2018-11-06');
INSERT INTO `my_iplog` VALUES ('65', '111.14.237.199', '18', '2018-11-06');
INSERT INTO `my_iplog` VALUES ('66', '223.78.241.22', '23', '2018-11-06');
INSERT INTO `my_iplog` VALUES ('67', '223.78.241.22', '22', '2018-11-07');
INSERT INTO `my_iplog` VALUES ('68', '61.129.6.148', '22', '2018-11-07');
INSERT INTO `my_iplog` VALUES ('69', '183.192.164.71', '22', '2018-11-07');
INSERT INTO `my_iplog` VALUES ('70', '223.78.241.22', '21', '2018-11-07');
INSERT INTO `my_iplog` VALUES ('71', '223.78.241.22', '15', '2018-11-07');
INSERT INTO `my_iplog` VALUES ('72', '223.78.241.22', '14', '2018-11-07');
INSERT INTO `my_iplog` VALUES ('73', '223.78.241.22', '13', '2018-11-07');
INSERT INTO `my_iplog` VALUES ('74', '218.59.190.2', '18', '2018-11-07');
INSERT INTO `my_iplog` VALUES ('75', '218.59.190.2', '15', '2018-11-07');
INSERT INTO `my_iplog` VALUES ('76', '218.59.190.2', '24', '2018-11-07');
INSERT INTO `my_iplog` VALUES ('77', '218.59.190.2', '14', '2018-11-07');
INSERT INTO `my_iplog` VALUES ('78', '218.59.190.2', '13', '2018-11-07');
INSERT INTO `my_iplog` VALUES ('79', '218.59.190.2', '23', '2018-11-07');
INSERT INTO `my_iplog` VALUES ('80', '27.195.254.26', '15', '2018-11-07');
INSERT INTO `my_iplog` VALUES ('81', '27.195.254.26', '14', '2018-11-07');
INSERT INTO `my_iplog` VALUES ('82', '27.195.254.26', '18', '2018-11-07');
INSERT INTO `my_iplog` VALUES ('83', '27.195.254.26', '23', '2018-11-07');
INSERT INTO `my_iplog` VALUES ('84', '27.195.254.26', '19', '2018-11-07');
INSERT INTO `my_iplog` VALUES ('85', '27.195.254.26', '11', '2018-11-07');
INSERT INTO `my_iplog` VALUES ('86', '27.195.254.26', '10', '2018-11-07');
INSERT INTO `my_iplog` VALUES ('87', '27.195.254.26', '12', '2018-11-07');
INSERT INTO `my_iplog` VALUES ('88', '42.236.10.114', '18', '2018-11-07');
INSERT INTO `my_iplog` VALUES ('89', '218.59.190.2', '11', '2018-11-07');
INSERT INTO `my_iplog` VALUES ('90', '60.215.241.248', '24', '2018-11-07');
INSERT INTO `my_iplog` VALUES ('91', '60.215.241.248', '11', '2018-11-07');
INSERT INTO `my_iplog` VALUES ('92', '60.215.241.248', '15', '2018-11-07');
INSERT INTO `my_iplog` VALUES ('93', '60.215.241.248', '14', '2018-11-07');
INSERT INTO `my_iplog` VALUES ('94', '60.215.241.248', '13', '2018-11-07');
INSERT INTO `my_iplog` VALUES ('95', '113.111.7.17', '15', '2018-11-07');
INSERT INTO `my_iplog` VALUES ('96', '203.208.60.127', '23', '2018-11-07');
INSERT INTO `my_iplog` VALUES ('97', '203.208.60.66', '11', '2018-11-07');
INSERT INTO `my_iplog` VALUES ('98', '203.208.60.55', '18', '2018-11-07');
INSERT INTO `my_iplog` VALUES ('99', '203.208.60.13', '19', '2018-11-07');
INSERT INTO `my_iplog` VALUES ('100', '203.208.60.44', '14', '2018-11-07');
INSERT INTO `my_iplog` VALUES ('101', '203.208.60.78', '21', '2018-11-07');
INSERT INTO `my_iplog` VALUES ('102', '203.208.60.88', '15', '2018-11-07');
INSERT INTO `my_iplog` VALUES ('103', '203.208.60.58', '20', '2018-11-07');
INSERT INTO `my_iplog` VALUES ('104', '203.208.60.21', '12', '2018-11-07');
INSERT INTO `my_iplog` VALUES ('105', '203.208.60.58', '24', '2018-11-07');
INSERT INTO `my_iplog` VALUES ('106', '203.208.60.119', '13', '2018-11-07');
INSERT INTO `my_iplog` VALUES ('107', '203.208.60.92', '22', '2018-11-07');
INSERT INTO `my_iplog` VALUES ('108', '223.78.241.196', '15', '2018-11-07');
INSERT INTO `my_iplog` VALUES ('109', '223.78.241.196', '14', '2018-11-07');
INSERT INTO `my_iplog` VALUES ('110', '223.78.241.196', '24', '2018-11-07');
INSERT INTO `my_iplog` VALUES ('111', '111.14.237.199', '15', '2018-11-07');
INSERT INTO `my_iplog` VALUES ('112', '111.14.237.199', '18', '2018-11-07');
INSERT INTO `my_iplog` VALUES ('113', '111.14.237.199', '14', '2018-11-07');
INSERT INTO `my_iplog` VALUES ('114', '111.14.237.199', '13', '2018-11-07');
INSERT INTO `my_iplog` VALUES ('115', '111.14.237.199', '24', '2018-11-07');
INSERT INTO `my_iplog` VALUES ('116', '223.78.243.26', '15', '2018-11-07');
INSERT INTO `my_iplog` VALUES ('117', '61.151.178.165', '15', '2018-11-07');
INSERT INTO `my_iplog` VALUES ('118', '223.78.241.196', '25', '2018-11-07');
INSERT INTO `my_iplog` VALUES ('119', '223.166.151.234', '15', '2018-11-07');
INSERT INTO `my_iplog` VALUES ('120', '223.78.241.196', '18', '2018-11-07');
INSERT INTO `my_iplog` VALUES ('121', '61.129.6.148', '18', '2018-11-08');
INSERT INTO `my_iplog` VALUES ('122', '183.192.164.85', '18', '2018-11-08');
INSERT INTO `my_iplog` VALUES ('123', '223.104.189.25', '24', '2018-11-08');
INSERT INTO `my_iplog` VALUES ('124', '61.129.6.151', '24', '2018-11-08');
INSERT INTO `my_iplog` VALUES ('125', '203.208.60.30', '10', '2018-11-08');
INSERT INTO `my_iplog` VALUES ('126', '218.59.190.2', '20', '2018-11-08');
INSERT INTO `my_iplog` VALUES ('127', '218.59.190.2', '23', '2018-11-08');
INSERT INTO `my_iplog` VALUES ('128', '101.89.19.197', '20', '2018-11-08');
INSERT INTO `my_iplog` VALUES ('129', '218.59.190.2', '18', '2018-11-08');
INSERT INTO `my_iplog` VALUES ('130', '61.129.6.174', '23', '2018-11-08');
INSERT INTO `my_iplog` VALUES ('131', '60.215.241.248', '18', '2018-11-08');
INSERT INTO `my_iplog` VALUES ('132', '60.215.241.248', '23', '2018-11-08');
INSERT INTO `my_iplog` VALUES ('133', '218.59.190.2', '26', '2018-11-08');
INSERT INTO `my_iplog` VALUES ('134', '124.134.181.97', '11', '2018-11-08');
INSERT INTO `my_iplog` VALUES ('135', '124.134.181.97', '26', '2018-11-08');
INSERT INTO `my_iplog` VALUES ('136', '183.61.51.52', '26', '2018-11-08');
INSERT INTO `my_iplog` VALUES ('137', '101.91.60.108', '26', '2018-11-08');
INSERT INTO `my_iplog` VALUES ('138', '124.134.181.97', '23', '2018-11-08');
INSERT INTO `my_iplog` VALUES ('139', '124.134.181.97', '18', '2018-11-08');
INSERT INTO `my_iplog` VALUES ('140', '124.134.181.97', '19', '2018-11-08');
INSERT INTO `my_iplog` VALUES ('141', '124.134.181.97', '22', '2018-11-08');
INSERT INTO `my_iplog` VALUES ('142', '124.134.181.97', '21', '2018-11-08');
INSERT INTO `my_iplog` VALUES ('143', '124.134.181.97', '20', '2018-11-08');
INSERT INTO `my_iplog` VALUES ('144', '124.134.181.97', '10', '2018-11-08');
INSERT INTO `my_iplog` VALUES ('145', '124.134.181.97', '12', '2018-11-08');
INSERT INTO `my_iplog` VALUES ('146', '180.163.220.5', '26', '2018-11-08');
INSERT INTO `my_iplog` VALUES ('147', '14.116.137.167', '26', '2018-11-08');
INSERT INTO `my_iplog` VALUES ('148', '60.215.241.248', '13', '2018-11-08');
INSERT INTO `my_iplog` VALUES ('149', '60.215.241.248', '14', '2018-11-08');
INSERT INTO `my_iplog` VALUES ('150', '183.3.255.28', '26', '2018-11-08');
INSERT INTO `my_iplog` VALUES ('151', '113.111.7.17', '26', '2018-11-08');
INSERT INTO `my_iplog` VALUES ('152', '218.59.190.2', '26', '2018-11-09');
INSERT INTO `my_iplog` VALUES ('153', '119.186.177.248', '12', '2018-11-09');
INSERT INTO `my_iplog` VALUES ('154', '119.186.177.248', '23', '2018-11-09');
INSERT INTO `my_iplog` VALUES ('155', '119.186.177.248', '26', '2018-11-09');
INSERT INTO `my_iplog` VALUES ('156', '223.78.241.196', '26', '2018-11-09');
INSERT INTO `my_iplog` VALUES ('157', '60.215.241.248', '26', '2018-11-09');
INSERT INTO `my_iplog` VALUES ('158', '203.208.60.14', '26', '2018-11-09');
INSERT INTO `my_iplog` VALUES ('159', '203.208.60.74', '23', '2018-11-09');
INSERT INTO `my_iplog` VALUES ('160', '203.208.60.61', '23', '2018-11-09');
INSERT INTO `my_iplog` VALUES ('161', '220.181.108.149', '15', '2018-11-09');
INSERT INTO `my_iplog` VALUES ('162', '203.208.60.77', '11', '2018-11-09');
INSERT INTO `my_iplog` VALUES ('163', '220.181.108.184', '24', '2018-11-09');
INSERT INTO `my_iplog` VALUES ('164', '220.181.108.153', '14', '2018-11-09');
INSERT INTO `my_iplog` VALUES ('165', '203.208.60.75', '23', '2018-11-09');
INSERT INTO `my_iplog` VALUES ('166', '203.208.60.14', '14', '2018-11-10');
INSERT INTO `my_iplog` VALUES ('167', '203.208.60.7', '15', '2018-11-10');
INSERT INTO `my_iplog` VALUES ('168', '203.208.60.21', '12', '2018-11-10');
INSERT INTO `my_iplog` VALUES ('169', '203.208.60.1', '24', '2018-11-10');
INSERT INTO `my_iplog` VALUES ('170', '203.208.60.7', '11', '2018-11-10');
INSERT INTO `my_iplog` VALUES ('171', '203.208.60.117', '11', '2018-11-10');
INSERT INTO `my_iplog` VALUES ('172', '203.208.60.126', '18', '2018-11-10');
INSERT INTO `my_iplog` VALUES ('173', '203.208.60.124', '23', '2018-11-10');
INSERT INTO `my_iplog` VALUES ('174', '124.134.181.117', '26', '2018-11-10');
INSERT INTO `my_iplog` VALUES ('175', '180.163.220.68', '26', '2018-11-10');
INSERT INTO `my_iplog` VALUES ('176', '124.134.181.117', '23', '2018-11-10');
INSERT INTO `my_iplog` VALUES ('177', '124.134.181.117', '18', '2018-11-10');
INSERT INTO `my_iplog` VALUES ('178', '124.134.181.117', '15', '2018-11-10');
INSERT INTO `my_iplog` VALUES ('179', '124.134.181.117', '14', '2018-11-10');
INSERT INTO `my_iplog` VALUES ('180', '124.134.181.117', '13', '2018-11-10');
INSERT INTO `my_iplog` VALUES ('181', '180.163.220.5', '15', '2018-11-10');
INSERT INTO `my_iplog` VALUES ('182', '124.134.181.117', '24', '2018-11-10');
INSERT INTO `my_iplog` VALUES ('183', '203.208.60.38', '13', '2018-11-10');
INSERT INTO `my_iplog` VALUES ('184', '124.134.181.117', '11', '2018-11-10');
INSERT INTO `my_iplog` VALUES ('185', '124.134.181.117', '12', '2018-11-10');
INSERT INTO `my_iplog` VALUES ('186', '203.208.60.5', '19', '2018-11-10');
INSERT INTO `my_iplog` VALUES ('187', '203.208.60.16', '26', '2018-11-10');
INSERT INTO `my_iplog` VALUES ('188', '203.208.60.50', '11', '2018-11-10');
INSERT INTO `my_iplog` VALUES ('189', '203.208.60.33', '21', '2018-11-10');
INSERT INTO `my_iplog` VALUES ('190', '203.208.60.119', '20', '2018-11-10');
INSERT INTO `my_iplog` VALUES ('191', '203.208.60.95', '22', '2018-11-10');
INSERT INTO `my_iplog` VALUES ('192', '203.208.60.12', '23', '2018-11-10');
INSERT INTO `my_iplog` VALUES ('193', '203.208.60.0', '10', '2018-11-10');
INSERT INTO `my_iplog` VALUES ('194', '203.208.60.39', '26', '2018-11-11');
INSERT INTO `my_iplog` VALUES ('195', '203.208.60.76', '11', '2018-11-11');
INSERT INTO `my_iplog` VALUES ('196', '14.215.176.141', '15', '2018-11-11');
INSERT INTO `my_iplog` VALUES ('197', '180.76.15.157', '23', '2018-11-12');
INSERT INTO `my_iplog` VALUES ('198', '39.75.31.168', '15', '2018-11-12');
INSERT INTO `my_iplog` VALUES ('199', '39.75.31.168', '14', '2018-11-12');
INSERT INTO `my_iplog` VALUES ('200', '39.75.31.168', '13', '2018-11-12');
INSERT INTO `my_iplog` VALUES ('201', '39.75.31.168', '24', '2018-11-12');
INSERT INTO `my_iplog` VALUES ('202', '39.75.31.168', '26', '2018-11-12');
INSERT INTO `my_iplog` VALUES ('203', '39.75.31.168', '23', '2018-11-12');
INSERT INTO `my_iplog` VALUES ('204', '39.75.31.168', '18', '2018-11-12');
INSERT INTO `my_iplog` VALUES ('205', '39.75.31.168', '19', '2018-11-12');
INSERT INTO `my_iplog` VALUES ('206', '39.75.31.168', '22', '2018-11-12');
INSERT INTO `my_iplog` VALUES ('207', '42.236.10.114', '15', '2018-11-12');
INSERT INTO `my_iplog` VALUES ('208', '180.163.220.68', '23', '2018-11-12');
INSERT INTO `my_iplog` VALUES ('209', '39.75.31.168', '10', '2018-11-12');
INSERT INTO `my_iplog` VALUES ('210', '39.75.31.168', '12', '2018-11-12');
INSERT INTO `my_iplog` VALUES ('211', '218.59.190.2', '12', '2018-11-12');
INSERT INTO `my_iplog` VALUES ('212', '218.59.190.2', '11', '2018-11-12');
INSERT INTO `my_iplog` VALUES ('213', '218.59.190.2', '10', '2018-11-12');
INSERT INTO `my_iplog` VALUES ('214', '218.59.190.2', '15', '2018-11-12');
INSERT INTO `my_iplog` VALUES ('215', '180.76.15.30', '21', '2018-11-12');
INSERT INTO `my_iplog` VALUES ('216', '123.125.67.224', '18', '2018-11-12');
INSERT INTO `my_iplog` VALUES ('217', '218.59.190.2', '26', '2018-11-13');
INSERT INTO `my_iplog` VALUES ('218', '218.59.190.2', '15', '2018-11-13');
INSERT INTO `my_iplog` VALUES ('219', '218.59.190.2', '14', '2018-11-13');
INSERT INTO `my_iplog` VALUES ('220', '218.59.190.2', '13', '2018-11-13');
INSERT INTO `my_iplog` VALUES ('221', '218.59.190.2', '24', '2018-11-13');
INSERT INTO `my_iplog` VALUES ('222', '180.163.220.66', '14', '2018-11-13');
INSERT INTO `my_iplog` VALUES ('223', '218.59.190.2', '23', '2018-11-13');
INSERT INTO `my_iplog` VALUES ('224', '101.91.60.110', '23', '2018-11-13');
INSERT INTO `my_iplog` VALUES ('225', '218.59.190.2', '18', '2018-11-13');
INSERT INTO `my_iplog` VALUES ('226', '124.134.113.158', '26', '2018-11-13');
INSERT INTO `my_iplog` VALUES ('227', '124.134.113.158', '15', '2018-11-14');
INSERT INTO `my_iplog` VALUES ('228', '180.163.220.66', '15', '2018-11-14');
INSERT INTO `my_iplog` VALUES ('229', '124.134.113.158', '26', '2018-11-14');
INSERT INTO `my_iplog` VALUES ('230', '42.236.10.75', '26', '2018-11-14');
INSERT INTO `my_iplog` VALUES ('231', '124.134.113.158', '23', '2018-11-14');
INSERT INTO `my_iplog` VALUES ('232', '124.134.113.158', '12', '2018-11-14');
INSERT INTO `my_iplog` VALUES ('233', '218.59.190.2', '12', '2018-11-14');
INSERT INTO `my_iplog` VALUES ('234', '124.134.113.158', '11', '2018-11-14');
INSERT INTO `my_iplog` VALUES ('235', '124.134.113.158', '18', '2018-11-14');
INSERT INTO `my_iplog` VALUES ('236', '124.134.113.158', '14', '2018-11-14');
INSERT INTO `my_iplog` VALUES ('237', '124.134.113.158', '13', '2018-11-14');
INSERT INTO `my_iplog` VALUES ('238', '124.134.113.158', '24', '2018-11-14');
INSERT INTO `my_iplog` VALUES ('239', '123.125.71.91', '13', '2018-11-14');
INSERT INTO `my_iplog` VALUES ('240', '218.59.190.2', '27', '2018-11-14');
INSERT INTO `my_iplog` VALUES ('241', '218.59.190.2', '28', '2018-11-14');
INSERT INTO `my_iplog` VALUES ('242', '180.76.15.29', '14', '2018-11-15');
INSERT INTO `my_iplog` VALUES ('243', '124.134.113.158', '15', '2018-11-15');
INSERT INTO `my_iplog` VALUES ('244', '180.163.220.4', '15', '2018-11-15');
INSERT INTO `my_iplog` VALUES ('245', '124.134.113.158', '29', '2018-11-15');
INSERT INTO `my_iplog` VALUES ('246', '124.134.113.158', '12', '2018-11-15');
INSERT INTO `my_iplog` VALUES ('247', '27.212.90.97', '26', '2018-11-15');
INSERT INTO `my_iplog` VALUES ('248', '180.76.15.9', '15', '2018-11-15');
INSERT INTO `my_iplog` VALUES ('249', '218.59.190.2', '15', '2018-11-15');
INSERT INTO `my_iplog` VALUES ('250', '218.59.190.2', '26', '2018-11-15');
INSERT INTO `my_iplog` VALUES ('251', '180.76.15.30', '18', '2018-11-16');
INSERT INTO `my_iplog` VALUES ('252', '203.208.60.3', '29', '2018-11-16');
INSERT INTO `my_iplog` VALUES ('253', '218.59.190.2', '15', '2018-11-16');
INSERT INTO `my_iplog` VALUES ('254', '180.76.15.25', '13', '2018-11-16');
INSERT INTO `my_iplog` VALUES ('255', '61.156.219.211', '15', '2018-11-16');
INSERT INTO `my_iplog` VALUES ('256', '61.156.219.211', '26', '2018-11-16');
INSERT INTO `my_iplog` VALUES ('257', '61.156.219.211', '13', '2018-11-16');
INSERT INTO `my_iplog` VALUES ('258', '218.59.190.2', '14', '2018-11-16');
INSERT INTO `my_iplog` VALUES ('259', '180.76.15.148', '15', '2018-11-16');
INSERT INTO `my_iplog` VALUES ('260', '111.14.237.98', '26', '2018-11-16');
INSERT INTO `my_iplog` VALUES ('261', '111.14.237.98', '15', '2018-11-16');
INSERT INTO `my_iplog` VALUES ('262', '111.14.237.98', '12', '2018-11-16');
INSERT INTO `my_iplog` VALUES ('263', '111.14.237.98', '14', '2018-11-16');
INSERT INTO `my_iplog` VALUES ('264', '111.14.237.98', '13', '2018-11-16');
INSERT INTO `my_iplog` VALUES ('265', '111.14.237.98', '10', '2018-11-16');
INSERT INTO `my_iplog` VALUES ('266', '111.14.237.98', '11', '2018-11-16');
INSERT INTO `my_iplog` VALUES ('267', '123.119.236.194', '15', '2018-11-16');
INSERT INTO `my_iplog` VALUES ('268', '111.14.237.98', '28', '2018-11-16');
INSERT INTO `my_iplog` VALUES ('269', '123.119.236.194', '26', '2018-11-16');
INSERT INTO `my_iplog` VALUES ('270', '180.76.15.19', '14', '2018-11-17');
INSERT INTO `my_iplog` VALUES ('271', '180.76.15.139', '26', '2018-11-17');
INSERT INTO `my_iplog` VALUES ('272', '218.59.190.2', '26', '2018-11-19');
INSERT INTO `my_iplog` VALUES ('273', '218.59.190.2', '15', '2018-11-19');
INSERT INTO `my_iplog` VALUES ('274', '123.125.67.212', '15', '2018-11-19');
INSERT INTO `my_iplog` VALUES ('275', '27.212.90.102', '15', '2018-11-19');
INSERT INTO `my_iplog` VALUES ('276', '27.212.90.102', '14', '2018-11-19');
INSERT INTO `my_iplog` VALUES ('277', '27.212.90.102', '13', '2018-11-19');
INSERT INTO `my_iplog` VALUES ('278', '27.212.90.102', '24', '2018-11-19');
INSERT INTO `my_iplog` VALUES ('279', '61.151.180.39', '15', '2018-11-19');
INSERT INTO `my_iplog` VALUES ('280', '61.151.180.39', '26', '2018-11-19');
INSERT INTO `my_iplog` VALUES ('281', '223.166.151.199', '15', '2018-11-19');
INSERT INTO `my_iplog` VALUES ('282', '223.166.151.191', '26', '2018-11-19');
INSERT INTO `my_iplog` VALUES ('283', '180.163.220.66', '15', '2018-11-19');
INSERT INTO `my_iplog` VALUES ('284', '27.212.90.102', '12', '2018-11-19');
INSERT INTO `my_iplog` VALUES ('285', '223.104.187.160', '15', '2018-11-19');
INSERT INTO `my_iplog` VALUES ('286', '61.156.151.227', '15', '2018-11-19');
INSERT INTO `my_iplog` VALUES ('287', '61.156.151.227', '26', '2018-11-19');
INSERT INTO `my_iplog` VALUES ('288', '61.156.151.227', '12', '2018-11-19');
INSERT INTO `my_iplog` VALUES ('289', '61.156.151.227', '11', '2018-11-19');
INSERT INTO `my_iplog` VALUES ('290', '61.156.151.227', '23', '2018-11-19');
INSERT INTO `my_iplog` VALUES ('291', '61.156.151.227', '22', '2018-11-19');
INSERT INTO `my_iplog` VALUES ('292', '61.156.151.227', '27', '2018-11-19');
INSERT INTO `my_iplog` VALUES ('293', '43.229.119.146', '15', '2018-11-19');
INSERT INTO `my_iplog` VALUES ('294', '43.229.119.146', '14', '2018-11-19');
INSERT INTO `my_iplog` VALUES ('295', '43.229.119.146', '13', '2018-11-19');
INSERT INTO `my_iplog` VALUES ('296', '43.229.119.146', '24', '2018-11-19');
INSERT INTO `my_iplog` VALUES ('297', '61.156.151.227', '14', '2018-11-19');
INSERT INTO `my_iplog` VALUES ('298', '61.156.151.227', '13', '2018-11-19');
INSERT INTO `my_iplog` VALUES ('299', '61.156.151.227', '24', '2018-11-19');
INSERT INTO `my_iplog` VALUES ('300', '61.156.151.227', '21', '2018-11-19');
INSERT INTO `my_iplog` VALUES ('301', '218.59.190.2', '23', '2018-11-19');
INSERT INTO `my_iplog` VALUES ('302', '218.59.190.2', '18', '2018-11-19');
INSERT INTO `my_iplog` VALUES ('303', '61.156.151.227', '28', '2018-11-19');
INSERT INTO `my_iplog` VALUES ('304', '61.156.151.227', '29', '2018-11-19');
INSERT INTO `my_iplog` VALUES ('305', '223.78.242.236', '15', '2018-11-19');
INSERT INTO `my_iplog` VALUES ('306', '223.78.242.236', '14', '2018-11-19');
INSERT INTO `my_iplog` VALUES ('307', '223.78.242.236', '24', '2018-11-19');
INSERT INTO `my_iplog` VALUES ('308', '223.78.242.236', '26', '2018-11-19');
INSERT INTO `my_iplog` VALUES ('309', '223.78.242.236', '26', '2018-11-20');
INSERT INTO `my_iplog` VALUES ('310', '61.156.151.227', '15', '2018-11-20');
INSERT INTO `my_iplog` VALUES ('311', '218.59.190.2', '15', '2018-11-20');
INSERT INTO `my_iplog` VALUES ('312', '218.59.190.2', '24', '2018-11-20');
INSERT INTO `my_iplog` VALUES ('313', '218.59.190.2', '28', '2018-11-20');
INSERT INTO `my_iplog` VALUES ('314', '218.59.190.2', '27', '2018-11-20');
INSERT INTO `my_iplog` VALUES ('315', '183.61.51.52', '27', '2018-11-20');
INSERT INTO `my_iplog` VALUES ('316', '218.59.190.2', '12', '2018-11-20');
INSERT INTO `my_iplog` VALUES ('317', '101.89.29.94', '27', '2018-11-20');
INSERT INTO `my_iplog` VALUES ('318', '27.192.248.194', '27', '2018-11-20');
INSERT INTO `my_iplog` VALUES ('319', '218.59.190.2', '26', '2018-11-20');
INSERT INTO `my_iplog` VALUES ('320', '119.190.124.3', '26', '2018-11-20');
INSERT INTO `my_iplog` VALUES ('321', '180.76.15.146', '18', '2018-11-20');
INSERT INTO `my_iplog` VALUES ('322', '223.78.242.236', '27', '2018-11-20');
INSERT INTO `my_iplog` VALUES ('323', '223.78.242.236', '15', '2018-11-20');
INSERT INTO `my_iplog` VALUES ('324', '223.78.242.236', '24', '2018-11-20');
INSERT INTO `my_iplog` VALUES ('325', '223.78.242.236', '13', '2018-11-20');
INSERT INTO `my_iplog` VALUES ('326', '223.78.242.236', '14', '2018-11-20');
INSERT INTO `my_iplog` VALUES ('327', '111.14.236.149', '14', '2018-11-20');
INSERT INTO `my_iplog` VALUES ('328', '111.14.236.149', '15', '2018-11-20');
INSERT INTO `my_iplog` VALUES ('329', '111.14.236.149', '28', '2018-11-20');
INSERT INTO `my_iplog` VALUES ('330', '111.14.236.149', '13', '2018-11-20');
INSERT INTO `my_iplog` VALUES ('331', '111.14.236.149', '12', '2018-11-20');
INSERT INTO `my_iplog` VALUES ('332', '111.14.236.149', '27', '2018-11-20');
INSERT INTO `my_iplog` VALUES ('333', '223.78.242.236', '19', '2018-11-20');
INSERT INTO `my_iplog` VALUES ('334', '223.78.242.236', '22', '2018-11-20');
INSERT INTO `my_iplog` VALUES ('335', '223.78.242.236', '21', '2018-11-20');

-- ----------------------------
-- Table structure for my_message
-- ----------------------------
DROP TABLE IF EXISTS `my_message`;
CREATE TABLE `my_message` (
  `id` bigint(20) unsigned NOT NULL AUTO_INCREMENT,
  `type_id` smallint(3) NOT NULL DEFAULT '0',
  `title` varchar(100) DEFAULT '',
  `content` varchar(500) DEFAULT '',
  `contact` varchar(100) DEFAULT '',
  `tel` varchar(100) DEFAULT '',
  `address` varchar(100) DEFAULT '',
  `add_time` int(10) NOT NULL DEFAULT '0',
  PRIMARY KEY (`id`)
) ENGINE=MyISAM AUTO_INCREMENT=22 DEFAULT CHARSET=utf8;

-- ----------------------------
-- Records of my_message
-- ----------------------------
INSERT INTO `my_message` VALUES ('3', '2', 'iii', 'iiii', 'mike', '1300546654', 'iiiidgdgdgdfg', '0');
INSERT INTO `my_message` VALUES ('21', '1', '', '', '', '', '', '1542726619');
